run_timestamp,site_name,origin_month,target_month,model_name,output_type,yhat
2026-05-10T09:08:20,Site B,2026-03,2026-04,XGBoost,forecast_flowrate,15.782357215881348
2026-05-10T09:08:20,Site B,2026-03,2026-04,XGBoost,lower_95,14.28838062286377
2026-05-10T09:08:20,Site B,2026-03,2026-04,XGBoost,upper_95,17.27633285522461
2026-05-10T09:08:20,Site B,2026-03,2026-05,XGBoost,forecast_flowrate,15.27547836303711
2026-05-10T09:08:20,Site B,2026-03,2026-05,XGBoost,lower_95,13.781501770019531
2026-05-10T09:08:20,Site B,2026-03,2026-05,XGBoost,upper_95,16.769454956054688
2026-05-10T09:08:20,Site B,2026-03,2026-06,XGBoost,forecast_flowrate,14.22740364074707
2026-05-10T09:08:20,Site B,2026-03,2026-06,XGBoost,lower_95,12.733427047729492
2026-05-10T09:08:20,Site B,2026-03,2026-06,XGBoost,upper_95,15.721380233764648
2026-05-10T09:08:20,Site B,2026-03,2026-07,XGBoost,forecast_flowrate,13.923043251037598
2026-05-10T09:08:20,Site B,2026-03,2026-07,XGBoost,lower_95,12.42906665802002
2026-05-10T09:08:20,Site B,2026-03,2026-07,XGBoost,upper_95,15.417019844055176
2026-05-10T09:08:20,Site B,2026-03,2026-08,XGBoost,forecast_flowrate,13.476288795471191
2026-05-10T09:08:20,Site B,2026-03,2026-08,XGBoost,lower_95,11.982312202453612
2026-05-10T09:08:20,Site B,2026-03,2026-08,XGBoost,upper_95,14.97026538848877
2026-05-10T09:08:20,Site B,2026-03,2026-09,XGBoost,forecast_flowrate,13.693467140197754
2026-05-10T09:08:20,Site B,2026-03,2026-09,XGBoost,lower_95,12.199490547180176
2026-05-10T09:08:20,Site B,2026-03,2026-09,XGBoost,upper_95,15.187443733215332
2026-05-10T09:09:34,Site B,2026-03,2026-04,XGBoost,forecast_flowrate,15.782357215881348
2026-05-10T09:09:34,Site B,2026-03,2026-04,XGBoost,lower_95,14.28838062286377
2026-05-10T09:09:34,Site B,2026-03,2026-04,XGBoost,upper_95,17.27633285522461
2026-05-10T09:09:34,Site B,2026-03,2026-05,XGBoost,forecast_flowrate,15.27547836303711
2026-05-10T09:09:34,Site B,2026-03,2026-05,XGBoost,lower_95,13.781501770019531
2026-05-10T09:09:34,Site B,2026-03,2026-05,XGBoost,upper_95,16.769454956054688
2026-05-10T09:09:34,Site B,2026-03,2026-06,XGBoost,forecast_flowrate,14.22740364074707
2026-05-10T09:09:34,Site B,2026-03,2026-06,XGBoost,lower_95,12.733427047729492
2026-05-10T09:09:34,Site B,2026-03,2026-06,XGBoost,upper_95,15.721380233764648
2026-05-10T09:09:34,Site B,2026-03,2026-07,XGBoost,forecast_flowrate,13.923043251037598
2026-05-10T09:09:34,Site B,2026-03,2026-07,XGBoost,lower_95,12.42906665802002
2026-05-10T09:09:34,Site B,2026-03,2026-07,XGBoost,upper_95,15.417019844055176
2026-05-10T09:09:34,Site B,2026-03,2026-08,XGBoost,forecast_flowrate,13.476288795471191
2026-05-10T09:09:34,Site B,2026-03,2026-08,XGBoost,lower_95,11.982312202453612
2026-05-10T09:09:34,Site B,2026-03,2026-08,XGBoost,upper_95,14.97026538848877
2026-05-10T09:09:34,Site B,2026-03,2026-09,XGBoost,forecast_flowrate,13.693467140197754
2026-05-10T09:09:34,Site B,2026-03,2026-09,XGBoost,lower_95,12.199490547180176
2026-05-10T09:09:34,Site B,2026-03,2026-09,XGBoost,upper_95,15.187443733215332
2026-05-10T09:14:07,Site B,2026-03,2026-04,XGBoost,forecast_flowrate,15.782357215881348
2026-05-10T09:14:07,Site B,2026-03,2026-04,XGBoost,lower_95,14.28838062286377
2026-05-10T09:14:07,Site B,2026-03,2026-04,XGBoost,upper_95,17.27633285522461
2026-05-10T09:14:07,Site B,2026-03,2026-05,XGBoost,forecast_flowrate,15.27547836303711
2026-05-10T09:14:07,Site B,2026-03,2026-05,XGBoost,lower_95,13.781501770019531
2026-05-10T09:14:07,Site B,2026-03,2026-05,XGBoost,upper_95,16.769454956054688
2026-05-10T09:14:07,Site B,2026-03,2026-06,XGBoost,forecast_flowrate,14.22740364074707
2026-05-10T09:14:07,Site B,2026-03,2026-06,XGBoost,lower_95,12.733427047729492
2026-05-10T09:14:07,Site B,2026-03,2026-06,XGBoost,upper_95,15.721380233764648
2026-05-10T09:14:07,Site B,2026-03,2026-07,XGBoost,forecast_flowrate,13.923043251037598
2026-05-10T09:14:07,Site B,2026-03,2026-07,XGBoost,lower_95,12.42906665802002
2026-05-10T09:14:07,Site B,2026-03,2026-07,XGBoost,upper_95,15.417019844055176
2026-05-10T09:14:07,Site B,2026-03,2026-08,XGBoost,forecast_flowrate,13.476288795471191
2026-05-10T09:14:07,Site B,2026-03,2026-08,XGBoost,lower_95,11.982312202453612
2026-05-10T09:14:07,Site B,2026-03,2026-08,XGBoost,upper_95,14.97026538848877
2026-05-10T09:14:07,Site B,2026-03,2026-09,XGBoost,forecast_flowrate,13.693467140197754
2026-05-10T09:14:07,Site B,2026-03,2026-09,XGBoost,lower_95,12.199490547180176
2026-05-10T09:14:07,Site B,2026-03,2026-09,XGBoost,upper_95,15.187443733215332
2026-05-10T09:17:55,Site B,2026-03,2026-04,XGBoost,forecast_flowrate,15.782357215881348
2026-05-10T09:17:55,Site B,2026-03,2026-04,XGBoost,lower_95,14.28838062286377
2026-05-10T09:17:55,Site B,2026-03,2026-04,XGBoost,upper_95,17.27633285522461
2026-05-10T09:17:55,Site B,2026-03,2026-05,XGBoost,forecast_flowrate,15.27547836303711
2026-05-10T09:17:55,Site B,2026-03,2026-05,XGBoost,lower_95,13.781501770019531
2026-05-10T09:17:55,Site B,2026-03,2026-05,XGBoost,upper_95,16.769454956054688
2026-05-10T09:17:55,Site B,2026-03,2026-06,XGBoost,forecast_flowrate,14.22740364074707
2026-05-10T09:17:55,Site B,2026-03,2026-06,XGBoost,lower_95,12.733427047729492
2026-05-10T09:17:55,Site B,2026-03,2026-06,XGBoost,upper_95,15.721380233764648
2026-05-10T09:17:55,Site B,2026-03,2026-07,XGBoost,forecast_flowrate,13.923043251037598
2026-05-10T09:17:55,Site B,2026-03,2026-07,XGBoost,lower_95,12.42906665802002
2026-05-10T09:17:55,Site B,2026-03,2026-07,XGBoost,upper_95,15.417019844055176
2026-05-10T09:17:55,Site B,2026-03,2026-08,XGBoost,forecast_flowrate,13.476288795471191
2026-05-10T09:17:55,Site B,2026-03,2026-08,XGBoost,lower_95,11.982312202453612
2026-05-10T09:17:55,Site B,2026-03,2026-08,XGBoost,upper_95,14.97026538848877
2026-05-10T09:17:55,Site B,2026-03,2026-09,XGBoost,forecast_flowrate,13.693467140197754
2026-05-10T09:17:55,Site B,2026-03,2026-09,XGBoost,lower_95,12.199490547180176
2026-05-10T09:17:55,Site B,2026-03,2026-09,XGBoost,upper_95,15.187443733215332
2026-05-10T09:24:36,Site B,2026-03,2026-04,XGBoost,forecast_flowrate,15.782357215881348
2026-05-10T09:24:36,Site B,2026-03,2026-04,XGBoost,lower_95,14.28838062286377
2026-05-10T09:24:36,Site B,2026-03,2026-04,XGBoost,upper_95,17.27633285522461
2026-05-10T09:24:36,Site B,2026-03,2026-05,XGBoost,forecast_flowrate,15.27547836303711
2026-05-10T09:24:36,Site B,2026-03,2026-05,XGBoost,lower_95,13.781501770019531
2026-05-10T09:24:36,Site B,2026-03,2026-05,XGBoost,upper_95,16.769454956054688
2026-05-10T09:24:36,Site B,2026-03,2026-06,XGBoost,forecast_flowrate,14.22740364074707
2026-05-10T09:24:36,Site B,2026-03,2026-06,XGBoost,lower_95,12.733427047729492
2026-05-10T09:24:36,Site B,2026-03,2026-06,XGBoost,upper_95,15.721380233764648
2026-05-10T09:24:36,Site B,2026-03,2026-07,XGBoost,forecast_flowrate,13.923043251037598
2026-05-10T09:24:36,Site B,2026-03,2026-07,XGBoost,lower_95,12.42906665802002
2026-05-10T09:24:36,Site B,2026-03,2026-07,XGBoost,upper_95,15.417019844055176
2026-05-10T09:24:36,Site B,2026-03,2026-08,XGBoost,forecast_flowrate,13.476288795471191
2026-05-10T09:24:36,Site B,2026-03,2026-08,XGBoost,lower_95,11.982312202453612
2026-05-10T09:24:36,Site B,2026-03,2026-08,XGBoost,upper_95,14.97026538848877
2026-05-10T09:24:36,Site B,2026-03,2026-09,XGBoost,forecast_flowrate,13.693467140197754
2026-05-10T09:24:36,Site B,2026-03,2026-09,XGBoost,lower_95,12.199490547180176
2026-05-10T09:24:36,Site B,2026-03,2026-09,XGBoost,upper_95,15.187443733215332
2026-05-10T09:25:36,Site B,2026-03,2026-04,XGBoost,forecast_flowrate,15.782357215881348
2026-05-10T09:25:36,Site B,2026-03,2026-04,XGBoost,lower_95,14.28838062286377
2026-05-10T09:25:36,Site B,2026-03,2026-04,XGBoost,upper_95,17.27633285522461
2026-05-10T09:25:36,Site B,2026-03,2026-05,XGBoost,forecast_flowrate,15.27547836303711
2026-05-10T09:25:36,Site B,2026-03,2026-05,XGBoost,lower_95,13.781501770019531
2026-05-10T09:25:36,Site B,2026-03,2026-05,XGBoost,upper_95,16.769454956054688
2026-05-10T09:25:36,Site B,2026-03,2026-06,XGBoost,forecast_flowrate,14.22740364074707
2026-05-10T09:25:36,Site B,2026-03,2026-06,XGBoost,lower_95,12.733427047729492
2026-05-10T09:25:36,Site B,2026-03,2026-06,XGBoost,upper_95,15.721380233764648
2026-05-10T09:25:36,Site B,2026-03,2026-07,XGBoost,forecast_flowrate,13.923043251037598
2026-05-10T09:25:36,Site B,2026-03,2026-07,XGBoost,lower_95,12.42906665802002
2026-05-10T09:25:36,Site B,2026-03,2026-07,XGBoost,upper_95,15.417019844055176
2026-05-10T09:25:36,Site B,2026-03,2026-08,XGBoost,forecast_flowrate,13.476288795471191
2026-05-10T09:25:36,Site B,2026-03,2026-08,XGBoost,lower_95,11.982312202453612
2026-05-10T09:25:36,Site B,2026-03,2026-08,XGBoost,upper_95,14.97026538848877
2026-05-10T09:25:36,Site B,2026-03,2026-09,XGBoost,forecast_flowrate,13.693467140197754
2026-05-10T09:25:36,Site B,2026-03,2026-09,XGBoost,lower_95,12.199490547180176
2026-05-10T09:25:36,Site B,2026-03,2026-09,XGBoost,upper_95,15.187443733215332
2026-05-10T09:25:45,Site K,2026-03,2026-04,XGBoost,forecast_flowrate,138.90817260742188
2026-05-10T09:25:45,Site K,2026-03,2026-04,XGBoost,lower_95,136.5742645263672
2026-05-10T09:25:45,Site K,2026-03,2026-04,XGBoost,upper_95,141.24208068847656
2026-05-10T09:25:45,Site K,2026-03,2026-05,XGBoost,forecast_flowrate,137.80584716796875
2026-05-10T09:25:45,Site K,2026-03,2026-05,XGBoost,lower_95,135.47193908691406
2026-05-10T09:25:45,Site K,2026-03,2026-05,XGBoost,upper_95,140.13975524902344
2026-05-10T09:25:45,Site K,2026-03,2026-06,XGBoost,forecast_flowrate,137.43626403808594
2026-05-10T09:25:45,Site K,2026-03,2026-06,XGBoost,lower_95,135.10235595703125
2026-05-10T09:25:45,Site K,2026-03,2026-06,XGBoost,upper_95,139.77017211914062
2026-05-10T09:25:45,Site K,2026-03,2026-07,XGBoost,forecast_flowrate,138.10516357421875
2026-05-10T09:25:45,Site K,2026-03,2026-07,XGBoost,lower_95,135.77125549316406
2026-05-10T09:25:45,Site K,2026-03,2026-07,XGBoost,upper_95,140.43907165527344
2026-05-10T09:25:45,Site K,2026-03,2026-08,XGBoost,forecast_flowrate,138.08819580078125
2026-05-10T09:25:45,Site K,2026-03,2026-08,XGBoost,lower_95,135.75428771972656
2026-05-10T09:25:45,Site K,2026-03,2026-08,XGBoost,upper_95,140.42210388183594
2026-05-10T09:25:45,Site K,2026-03,2026-09,XGBoost,forecast_flowrate,137.90538024902344
2026-05-10T09:25:45,Site K,2026-03,2026-09,XGBoost,lower_95,135.57147216796875
2026-05-10T09:25:45,Site K,2026-03,2026-09,XGBoost,upper_95,140.23928833007812
2026-05-10T09:36:47,Site K,2026-03,2026-04,XGBoost,forecast_flowrate,138.90817260742188
2026-05-10T09:36:47,Site K,2026-03,2026-04,XGBoost,lower_95,136.5742645263672
2026-05-10T09:36:47,Site K,2026-03,2026-04,XGBoost,upper_95,141.24208068847656
2026-05-10T09:36:47,Site K,2026-03,2026-05,XGBoost,forecast_flowrate,137.80584716796875
2026-05-10T09:36:47,Site K,2026-03,2026-05,XGBoost,lower_95,135.47193908691406
2026-05-10T09:36:47,Site K,2026-03,2026-05,XGBoost,upper_95,140.13975524902344
2026-05-10T09:36:47,Site K,2026-03,2026-06,XGBoost,forecast_flowrate,137.43626403808594
2026-05-10T09:36:47,Site K,2026-03,2026-06,XGBoost,lower_95,135.10235595703125
2026-05-10T09:36:47,Site K,2026-03,2026-06,XGBoost,upper_95,139.77017211914062
2026-05-10T09:36:47,Site K,2026-03,2026-07,XGBoost,forecast_flowrate,138.10516357421875
2026-05-10T09:36:47,Site K,2026-03,2026-07,XGBoost,lower_95,135.77125549316406
2026-05-10T09:36:47,Site K,2026-03,2026-07,XGBoost,upper_95,140.43907165527344
2026-05-10T09:36:47,Site K,2026-03,2026-08,XGBoost,forecast_flowrate,138.08819580078125
2026-05-10T09:36:47,Site K,2026-03,2026-08,XGBoost,lower_95,135.75428771972656
2026-05-10T09:36:47,Site K,2026-03,2026-08,XGBoost,upper_95,140.42210388183594
2026-05-10T09:36:47,Site K,2026-03,2026-09,XGBoost,forecast_flowrate,137.90538024902344
2026-05-10T09:36:47,Site K,2026-03,2026-09,XGBoost,lower_95,135.57147216796875
2026-05-10T09:36:47,Site K,2026-03,2026-09,XGBoost,upper_95,140.23928833007812
2026-05-10T09:39:39,Site L,2026-03,2026-04,XGBoost,forecast_flowrate,80.5736312866211
2026-05-10T09:39:39,Site L,2026-03,2026-04,XGBoost,lower_95,78.22503662109375
2026-05-10T09:39:39,Site L,2026-03,2026-04,XGBoost,upper_95,82.92222595214844
2026-05-10T09:39:39,Site L,2026-03,2026-05,XGBoost,forecast_flowrate,80.06417083740234
2026-05-10T09:39:39,Site L,2026-03,2026-05,XGBoost,lower_95,77.715576171875
2026-05-10T09:39:39,Site L,2026-03,2026-05,XGBoost,upper_95,82.41276550292969
2026-05-10T09:39:39,Site L,2026-03,2026-06,XGBoost,forecast_flowrate,79.36833190917969
2026-05-10T09:39:39,Site L,2026-03,2026-06,XGBoost,lower_95,77.01973724365234
2026-05-10T09:39:39,Site L,2026-03,2026-06,XGBoost,upper_95,81.71692657470703
2026-05-10T09:39:39,Site L,2026-03,2026-07,XGBoost,forecast_flowrate,79.14160919189453
2026-05-10T09:39:39,Site L,2026-03,2026-07,XGBoost,lower_95,76.79301452636719
2026-05-10T09:39:39,Site L,2026-03,2026-07,XGBoost,upper_95,81.49020385742188
2026-05-10T09:39:39,Site L,2026-03,2026-08,XGBoost,forecast_flowrate,78.4621810913086
2026-05-10T09:39:39,Site L,2026-03,2026-08,XGBoost,lower_95,76.11358642578125
2026-05-10T09:39:39,Site L,2026-03,2026-08,XGBoost,upper_95,80.81077575683594
2026-05-10T09:39:39,Site L,2026-03,2026-09,XGBoost,forecast_flowrate,77.89894104003906
2026-05-10T09:39:39,Site L,2026-03,2026-09,XGBoost,lower_95,75.55034637451172
2026-05-10T09:39:39,Site L,2026-03,2026-09,XGBoost,upper_95,80.2475357055664
2026-05-10T09:39:40,Site L,2026-03,2026-04,XGBoost,forecast_flowrate,80.5736312866211
2026-05-10T09:39:40,Site L,2026-03,2026-04,XGBoost,lower_95,78.22503662109375
2026-05-10T09:39:40,Site L,2026-03,2026-04,XGBoost,upper_95,82.92222595214844
2026-05-10T09:39:40,Site L,2026-03,2026-05,XGBoost,forecast_flowrate,80.06417083740234
2026-05-10T09:39:40,Site L,2026-03,2026-05,XGBoost,lower_95,77.715576171875
2026-05-10T09:39:40,Site L,2026-03,2026-05,XGBoost,upper_95,82.41276550292969
2026-05-10T09:39:40,Site L,2026-03,2026-06,XGBoost,forecast_flowrate,79.36833190917969
2026-05-10T09:39:40,Site L,2026-03,2026-06,XGBoost,lower_95,77.01973724365234
2026-05-10T09:39:40,Site L,2026-03,2026-06,XGBoost,upper_95,81.71692657470703
2026-05-10T09:39:40,Site L,2026-03,2026-07,XGBoost,forecast_flowrate,79.14160919189453
2026-05-10T09:39:40,Site L,2026-03,2026-07,XGBoost,lower_95,76.79301452636719
2026-05-10T09:39:40,Site L,2026-03,2026-07,XGBoost,upper_95,81.49020385742188
2026-05-10T09:39:40,Site L,2026-03,2026-08,XGBoost,forecast_flowrate,78.4621810913086
2026-05-10T09:39:40,Site L,2026-03,2026-08,XGBoost,lower_95,76.11358642578125
2026-05-10T09:39:40,Site L,2026-03,2026-08,XGBoost,upper_95,80.81077575683594
2026-05-10T09:39:40,Site L,2026-03,2026-09,XGBoost,forecast_flowrate,77.89894104003906
2026-05-10T09:39:40,Site L,2026-03,2026-09,XGBoost,lower_95,75.55034637451172
2026-05-10T09:39:40,Site L,2026-03,2026-09,XGBoost,upper_95,80.2475357055664
2026-05-10T14:15:21,Site K,2026-03,2026-04,XGBoost,forecast_flowrate,138.90817260742188
2026-05-10T14:15:21,Site K,2026-03,2026-04,XGBoost,lower_95,136.5742645263672
2026-05-10T14:15:21,Site K,2026-03,2026-04,XGBoost,upper_95,141.24208068847656
2026-05-10T14:15:21,Site K,2026-03,2026-05,XGBoost,forecast_flowrate,137.80584716796875
2026-05-10T14:15:21,Site K,2026-03,2026-05,XGBoost,lower_95,135.47193908691406
2026-05-10T14:15:21,Site K,2026-03,2026-05,XGBoost,upper_95,140.13975524902344
2026-05-10T14:15:21,Site K,2026-03,2026-06,XGBoost,forecast_flowrate,137.43626403808594
2026-05-10T14:15:21,Site K,2026-03,2026-06,XGBoost,lower_95,135.10235595703125
2026-05-10T14:15:21,Site K,2026-03,2026-06,XGBoost,upper_95,139.77017211914062
2026-05-10T14:15:21,Site K,2026-03,2026-07,XGBoost,forecast_flowrate,138.10516357421875
2026-05-10T14:15:21,Site K,2026-03,2026-07,XGBoost,lower_95,135.77125549316406
2026-05-10T14:15:21,Site K,2026-03,2026-07,XGBoost,upper_95,140.43907165527344
2026-05-10T14:15:21,Site K,2026-03,2026-08,XGBoost,forecast_flowrate,138.08819580078125
2026-05-10T14:15:21,Site K,2026-03,2026-08,XGBoost,lower_95,135.75428771972656
2026-05-10T14:15:21,Site K,2026-03,2026-08,XGBoost,upper_95,140.42210388183594
2026-05-10T14:15:21,Site K,2026-03,2026-09,XGBoost,forecast_flowrate,137.90538024902344
2026-05-10T14:15:21,Site K,2026-03,2026-09,XGBoost,lower_95,135.57147216796875
2026-05-10T14:15:21,Site K,2026-03,2026-09,XGBoost,upper_95,140.23928833007812
2026-05-10T15:08:40,Site K,2026-03,2026-04,XGBoost,forecast_flowrate,138.90817260742188
2026-05-10T15:08:40,Site K,2026-03,2026-04,XGBoost,lower_95,136.5742645263672
2026-05-10T15:08:40,Site K,2026-03,2026-04,XGBoost,upper_95,141.24208068847656
2026-05-10T15:08:40,Site K,2026-03,2026-05,XGBoost,forecast_flowrate,137.80584716796875
2026-05-10T15:08:40,Site K,2026-03,2026-05,XGBoost,lower_95,135.47193908691406
2026-05-10T15:08:40,Site K,2026-03,2026-05,XGBoost,upper_95,140.13975524902344
2026-05-10T15:08:40,Site K,2026-03,2026-06,XGBoost,forecast_flowrate,137.43626403808594
2026-05-10T15:08:40,Site K,2026-03,2026-06,XGBoost,lower_95,135.10235595703125
2026-05-10T15:08:40,Site K,2026-03,2026-06,XGBoost,upper_95,139.77017211914062
2026-05-10T15:08:40,Site K,2026-03,2026-07,XGBoost,forecast_flowrate,138.10516357421875
2026-05-10T15:08:40,Site K,2026-03,2026-07,XGBoost,lower_95,135.77125549316406
2026-05-10T15:08:40,Site K,2026-03,2026-07,XGBoost,upper_95,140.43907165527344
2026-05-10T15:08:40,Site K,2026-03,2026-08,XGBoost,forecast_flowrate,138.08819580078125
2026-05-10T15:08:40,Site K,2026-03,2026-08,XGBoost,lower_95,135.75428771972656
2026-05-10T15:08:40,Site K,2026-03,2026-08,XGBoost,upper_95,140.42210388183594
2026-05-10T15:08:40,Site K,2026-03,2026-09,XGBoost,forecast_flowrate,137.90538024902344
2026-05-10T15:08:40,Site K,2026-03,2026-09,XGBoost,lower_95,135.57147216796875
2026-05-10T15:08:40,Site K,2026-03,2026-09,XGBoost,upper_95,140.23928833007812
2026-05-12T04:05:27,Site K,2026-03,2026-04,XGBoost,forecast_flowrate,138.90817260742188
2026-05-12T04:05:27,Site K,2026-03,2026-04,XGBoost,lower_95,136.5742645263672
2026-05-12T04:05:27,Site K,2026-03,2026-04,XGBoost,upper_95,141.24208068847656
2026-05-12T04:05:27,Site K,2026-03,2026-05,XGBoost,forecast_flowrate,137.80584716796875
2026-05-12T04:05:27,Site K,2026-03,2026-05,XGBoost,lower_95,135.47193908691406
2026-05-12T04:05:27,Site K,2026-03,2026-05,XGBoost,upper_95,140.13975524902344
2026-05-12T04:05:27,Site K,2026-03,2026-06,XGBoost,forecast_flowrate,137.43626403808594
2026-05-12T04:05:27,Site K,2026-03,2026-06,XGBoost,lower_95,135.10235595703125
2026-05-12T04:05:27,Site K,2026-03,2026-06,XGBoost,upper_95,139.77017211914062
2026-05-12T04:05:27,Site K,2026-03,2026-07,XGBoost,forecast_flowrate,138.10516357421875
2026-05-12T04:05:27,Site K,2026-03,2026-07,XGBoost,lower_95,135.77125549316406
2026-05-12T04:05:27,Site K,2026-03,2026-07,XGBoost,upper_95,140.43907165527344
2026-05-12T04:05:27,Site K,2026-03,2026-08,XGBoost,forecast_flowrate,138.08819580078125
2026-05-12T04:05:27,Site K,2026-03,2026-08,XGBoost,lower_95,135.75428771972656
2026-05-12T04:05:27,Site K,2026-03,2026-08,XGBoost,upper_95,140.42210388183594
2026-05-12T04:05:27,Site K,2026-03,2026-09,XGBoost,forecast_flowrate,137.90538024902344
2026-05-12T04:05:27,Site K,2026-03,2026-09,XGBoost,lower_95,135.57147216796875
2026-05-12T04:05:27,Site K,2026-03,2026-09,XGBoost,upper_95,140.23928833007812
2026-05-12T04:05:47,Site K,2026-03,2026-04,XGBoost,forecast_flowrate,141.09689331054688
2026-05-12T04:05:47,Site K,2026-03,2026-04,XGBoost,lower_95,138.7629852294922
2026-05-12T04:05:47,Site K,2026-03,2026-04,XGBoost,upper_95,143.43080139160156
2026-05-12T04:05:47,Site K,2026-03,2026-05,XGBoost,forecast_flowrate,140.15191650390625
2026-05-12T04:05:47,Site K,2026-03,2026-05,XGBoost,lower_95,137.81800842285156
2026-05-12T04:05:47,Site K,2026-03,2026-05,XGBoost,upper_95,142.48582458496094
2026-05-12T04:05:47,Site K,2026-03,2026-06,XGBoost,forecast_flowrate,140.33616638183594
2026-05-12T04:05:47,Site K,2026-03,2026-06,XGBoost,lower_95,138.00225830078125
2026-05-12T04:05:47,Site K,2026-03,2026-06,XGBoost,upper_95,142.67007446289062
2026-05-12T04:05:47,Site K,2026-03,2026-07,XGBoost,forecast_flowrate,136.62429809570312
2026-05-12T04:05:47,Site K,2026-03,2026-07,XGBoost,lower_95,134.29039001464844
2026-05-12T04:05:47,Site K,2026-03,2026-07,XGBoost,upper_95,138.9582061767578
2026-05-12T04:05:47,Site K,2026-03,2026-08,XGBoost,forecast_flowrate,131.35804748535156
2026-05-12T04:05:47,Site K,2026-03,2026-08,XGBoost,lower_95,129.02413940429688
2026-05-12T04:05:47,Site K,2026-03,2026-08,XGBoost,upper_95,133.69195556640625
2026-05-12T04:05:47,Site K,2026-03,2026-09,XGBoost,forecast_flowrate,129.97276306152344
2026-05-12T04:05:47,Site K,2026-03,2026-09,XGBoost,lower_95,127.63884735107422
2026-05-12T04:05:47,Site K,2026-03,2026-09,XGBoost,upper_95,132.30667114257812
2026-05-12T06:05:46,Site B,2026-04,2026-05,ML (Ensemble RF+GBR),forecast_flowrate,14.75571276698923
2026-05-12T06:05:46,Site B,2026-04,2026-05,ML (Ensemble RF+GBR),lower_95,11.473939395700793
2026-05-12T06:05:46,Site B,2026-04,2026-05,ML (Ensemble RF+GBR),upper_95,18.03748613827767
2026-05-12T06:05:46,Site B,2026-04,2026-06,ML (Ensemble RF+GBR),forecast_flowrate,15.073649334849067
2026-05-12T06:05:46,Site B,2026-04,2026-06,ML (Ensemble RF+GBR),lower_95,11.79187596356063
2026-05-12T06:05:46,Site B,2026-04,2026-06,ML (Ensemble RF+GBR),upper_95,18.35542270613751
2026-05-12T06:05:46,Site B,2026-04,2026-07,ML (Ensemble RF+GBR),forecast_flowrate,15.68872572542172
2026-05-12T06:05:46,Site B,2026-04,2026-07,ML (Ensemble RF+GBR),lower_95,12.40695235413328
2026-05-12T06:05:46,Site B,2026-04,2026-07,ML (Ensemble RF+GBR),upper_95,18.97049909671016
2026-05-12T06:05:46,Site B,2026-04,2026-08,ML (Ensemble RF+GBR),forecast_flowrate,14.642361849202263
2026-05-12T06:05:46,Site B,2026-04,2026-08,ML (Ensemble RF+GBR),lower_95,11.360588477913824
2026-05-12T06:05:46,Site B,2026-04,2026-08,ML (Ensemble RF+GBR),upper_95,17.924135220490705
2026-05-12T06:05:46,Site B,2026-04,2026-09,ML (Ensemble RF+GBR),forecast_flowrate,15.211734908475728
2026-05-12T06:05:46,Site B,2026-04,2026-09,ML (Ensemble RF+GBR),lower_95,11.929961537187287
2026-05-12T06:05:46,Site B,2026-04,2026-09,ML (Ensemble RF+GBR),upper_95,18.493508279764168
2026-05-12T06:05:46,Site B,2026-04,2026-10,ML (Ensemble RF+GBR),forecast_flowrate,15.218386002401424
2026-05-12T06:05:46,Site B,2026-04,2026-10,ML (Ensemble RF+GBR),lower_95,11.936612631112984
2026-05-12T06:05:46,Site B,2026-04,2026-10,ML (Ensemble RF+GBR),upper_95,18.500159373689865
2026-05-12T06:11:15,Site T,2026-04,2026-05,ML (Ensemble RF+GBR),forecast_flowrate,11.900963333499975
2026-05-12T06:11:15,Site T,2026-04,2026-05,ML (Ensemble RF+GBR),lower_95,8.533324522878255
2026-05-12T06:11:15,Site T,2026-04,2026-05,ML (Ensemble RF+GBR),upper_95,15.2686021441217
2026-05-12T06:11:15,Site T,2026-04,2026-06,ML (Ensemble RF+GBR),forecast_flowrate,11.785620562574596
2026-05-12T06:11:15,Site T,2026-04,2026-06,ML (Ensemble RF+GBR),lower_95,8.417981751952874
2026-05-12T06:11:15,Site T,2026-04,2026-06,ML (Ensemble RF+GBR),upper_95,15.15325937319632
2026-05-12T06:11:15,Site T,2026-04,2026-07,ML (Ensemble RF+GBR),forecast_flowrate,11.725024461645296
2026-05-12T06:11:15,Site T,2026-04,2026-07,ML (Ensemble RF+GBR),lower_95,8.357385651023575
2026-05-12T06:11:15,Site T,2026-04,2026-07,ML (Ensemble RF+GBR),upper_95,15.09266327226702
2026-05-12T06:11:15,Site T,2026-04,2026-08,ML (Ensemble RF+GBR),forecast_flowrate,11.552492849154156
2026-05-12T06:11:15,Site T,2026-04,2026-08,ML (Ensemble RF+GBR),lower_95,8.184854038532434
2026-05-12T06:11:15,Site T,2026-04,2026-08,ML (Ensemble RF+GBR),upper_95,14.920131659775878
2026-05-12T06:11:15,Site T,2026-04,2026-09,ML (Ensemble RF+GBR),forecast_flowrate,11.456773237524985
2026-05-12T06:11:15,Site T,2026-04,2026-09,ML (Ensemble RF+GBR),lower_95,8.089134426903263
2026-05-12T06:11:15,Site T,2026-04,2026-09,ML (Ensemble RF+GBR),upper_95,14.824412048146709
2026-05-12T06:11:15,Site T,2026-04,2026-10,ML (Ensemble RF+GBR),forecast_flowrate,10.808577152151924
2026-05-12T06:11:15,Site T,2026-04,2026-10,ML (Ensemble RF+GBR),lower_95,7.440938341530202
2026-05-12T06:11:15,Site T,2026-04,2026-10,ML (Ensemble RF+GBR),upper_95,14.176215962773648
2026-05-12T06:19:27,Site L,2026-04,2026-05,SARIMAX,forecast_flowrate,80.27028720485573
2026-05-12T06:19:27,Site L,2026-04,2026-05,SARIMAX,lower_95,76.4759497681847
2026-05-12T06:19:27,Site L,2026-04,2026-05,SARIMAX,upper_95,84.06462464152676
2026-05-12T06:19:27,Site L,2026-04,2026-06,SARIMAX,forecast_flowrate,79.22342494443298
2026-05-12T06:19:27,Site L,2026-04,2026-06,SARIMAX,lower_95,74.54253490757169
2026-05-12T06:19:27,Site L,2026-04,2026-06,SARIMAX,upper_95,83.90431498129426
2026-05-12T06:19:27,Site L,2026-04,2026-07,SARIMAX,forecast_flowrate,79.91042108834372
2026-05-12T06:19:27,Site L,2026-04,2026-07,SARIMAX,lower_95,74.79447833589542
2026-05-12T06:19:27,Site L,2026-04,2026-07,SARIMAX,upper_95,85.02636384079203
2026-05-12T06:19:27,Site L,2026-04,2026-08,SARIMAX,forecast_flowrate,79.24774485260447
2026-05-12T06:19:27,Site L,2026-04,2026-08,SARIMAX,lower_95,73.87853681462047
2026-05-12T06:19:27,Site L,2026-04,2026-08,SARIMAX,upper_95,84.61695289058846
2026-05-12T06:19:27,Site L,2026-04,2026-09,SARIMAX,forecast_flowrate,79.69498864300807
2026-05-12T06:19:27,Site L,2026-04,2026-09,SARIMAX,lower_95,74.15869031092537
2026-05-12T06:19:27,Site L,2026-04,2026-09,SARIMAX,upper_95,85.23128697509078
2026-05-12T06:19:27,Site L,2026-04,2026-10,SARIMAX,forecast_flowrate,78.45390671549232
2026-05-12T06:19:27,Site L,2026-04,2026-10,SARIMAX,lower_95,72.79533346722907
2026-05-12T06:19:27,Site L,2026-04,2026-10,SARIMAX,upper_95,84.11247996375558
2026-05-12T06:31:48,Site K,2026-04,2026-05,XGBoost,forecast_flowrate,135.41885375976562
2026-05-12T06:31:48,Site K,2026-04,2026-05,XGBoost,lower_95,132.32142639160156
2026-05-12T06:31:48,Site K,2026-04,2026-05,XGBoost,upper_95,138.5162811279297
2026-05-12T06:31:48,Site K,2026-04,2026-06,XGBoost,forecast_flowrate,134.72792053222656
2026-05-12T06:31:48,Site K,2026-04,2026-06,XGBoost,lower_95,131.6304931640625
2026-05-12T06:31:48,Site K,2026-04,2026-06,XGBoost,upper_95,137.82534790039062
2026-05-12T06:31:48,Site K,2026-04,2026-07,XGBoost,forecast_flowrate,132.08363342285156
2026-05-12T06:31:48,Site K,2026-04,2026-07,XGBoost,lower_95,128.9862060546875
2026-05-12T06:31:48,Site K,2026-04,2026-07,XGBoost,upper_95,135.18106079101562
2026-05-12T06:31:48,Site K,2026-04,2026-08,XGBoost,forecast_flowrate,129.4534912109375
2026-05-12T06:31:48,Site K,2026-04,2026-08,XGBoost,lower_95,126.35607147216795
2026-05-12T06:31:48,Site K,2026-04,2026-08,XGBoost,upper_95,132.55091857910156
2026-05-12T06:31:48,Site K,2026-04,2026-09,XGBoost,forecast_flowrate,125.4942626953125
2026-05-12T06:31:48,Site K,2026-04,2026-09,XGBoost,lower_95,122.39684295654295
2026-05-12T06:31:48,Site K,2026-04,2026-09,XGBoost,upper_95,128.59169006347656
2026-05-12T06:31:48,Site K,2026-04,2026-10,XGBoost,forecast_flowrate,123.1732406616211
2026-05-12T06:31:48,Site K,2026-04,2026-10,XGBoost,lower_95,120.07582092285156
2026-05-12T06:31:48,Site K,2026-04,2026-10,XGBoost,upper_95,126.27066040039062
2026-05-12T06:45:04,Site S,2026-04,2026-05,XGBoost,forecast_flowrate,62.68714904785156
2026-05-12T06:45:04,Site S,2026-04,2026-05,XGBoost,lower_95,62.27770233154297
2026-05-12T06:45:04,Site S,2026-04,2026-05,XGBoost,upper_95,63.09659576416016
2026-05-12T06:45:04,Site S,2026-04,2026-06,XGBoost,forecast_flowrate,62.30293273925781
2026-05-12T06:45:04,Site S,2026-04,2026-06,XGBoost,lower_95,61.89348602294922
2026-05-12T06:45:04,Site S,2026-04,2026-06,XGBoost,upper_95,62.712379455566406
2026-05-12T06:45:04,Site S,2026-04,2026-07,XGBoost,forecast_flowrate,62.14706039428711
2026-05-12T06:45:04,Site S,2026-04,2026-07,XGBoost,lower_95,61.73761367797852
2026-05-12T06:45:04,Site S,2026-04,2026-07,XGBoost,upper_95,62.5565071105957
2026-05-12T06:45:04,Site S,2026-04,2026-08,XGBoost,forecast_flowrate,62.54312515258789
2026-05-12T06:45:04,Site S,2026-04,2026-08,XGBoost,lower_95,62.1336784362793
2026-05-12T06:45:04,Site S,2026-04,2026-08,XGBoost,upper_95,62.95257186889648
2026-05-12T06:45:04,Site S,2026-04,2026-09,XGBoost,forecast_flowrate,63.25860595703125
2026-05-12T06:45:04,Site S,2026-04,2026-09,XGBoost,lower_95,62.849159240722656
2026-05-12T06:45:04,Site S,2026-04,2026-09,XGBoost,upper_95,63.66805267333984
2026-05-12T06:45:04,Site S,2026-04,2026-10,XGBoost,forecast_flowrate,63.215423583984375
2026-05-12T06:45:04,Site S,2026-04,2026-10,XGBoost,lower_95,62.80597686767578
2026-05-12T06:45:04,Site S,2026-04,2026-10,XGBoost,upper_95,63.62487030029297
2026-05-12T06:55:44,Site KL,2026-04,2026-05,ML (Ensemble RF+GBR),forecast_flowrate,76.41530761696643
2026-05-12T06:55:44,Site KL,2026-04,2026-05,ML (Ensemble RF+GBR),lower_95,74.95203714745135
2026-05-12T06:55:44,Site KL,2026-04,2026-05,ML (Ensemble RF+GBR),upper_95,77.87857808648151
2026-05-12T06:55:44,Site KL,2026-04,2026-06,ML (Ensemble RF+GBR),forecast_flowrate,77.58954257836002
2026-05-12T06:55:44,Site KL,2026-04,2026-06,ML (Ensemble RF+GBR),lower_95,76.12627210884494
2026-05-12T06:55:44,Site KL,2026-04,2026-06,ML (Ensemble RF+GBR),upper_95,79.0528130478751
2026-05-12T06:55:44,Site KL,2026-04,2026-07,ML (Ensemble RF+GBR),forecast_flowrate,78.07907828683089
2026-05-12T06:55:44,Site KL,2026-04,2026-07,ML (Ensemble RF+GBR),lower_95,76.61580781731581
2026-05-12T06:55:44,Site KL,2026-04,2026-07,ML (Ensemble RF+GBR),upper_95,79.54234875634597
2026-05-12T06:55:44,Site KL,2026-04,2026-08,ML (Ensemble RF+GBR),forecast_flowrate,78.30651428126764
2026-05-12T06:55:44,Site KL,2026-04,2026-08,ML (Ensemble RF+GBR),lower_95,76.84324381175256
2026-05-12T06:55:44,Site KL,2026-04,2026-08,ML (Ensemble RF+GBR),upper_95,79.76978475078272
2026-05-12T06:55:44,Site KL,2026-04,2026-09,ML (Ensemble RF+GBR),forecast_flowrate,78.14855361881348
2026-05-12T06:55:44,Site KL,2026-04,2026-09,ML (Ensemble RF+GBR),lower_95,76.6852831492984
2026-05-12T06:55:44,Site KL,2026-04,2026-09,ML (Ensemble RF+GBR),upper_95,79.61182408832856
2026-05-12T06:55:44,Site KL,2026-04,2026-10,ML (Ensemble RF+GBR),forecast_flowrate,78.15433992165796
2026-05-12T06:55:44,Site KL,2026-04,2026-10,ML (Ensemble RF+GBR),lower_95,76.69106945214288
2026-05-12T06:55:44,Site KL,2026-04,2026-10,ML (Ensemble RF+GBR),upper_95,79.61761039117305
2026-05-12T07:05:43,Site M,2026-04,2026-05,ML (Ensemble RF+GBR),forecast_flowrate,7.6129436475697885
2026-05-12T07:05:43,Site M,2026-04,2026-05,ML (Ensemble RF+GBR),lower_95,6.462161803280104
2026-05-12T07:05:43,Site M,2026-04,2026-05,ML (Ensemble RF+GBR),upper_95,8.763725491859473
2026-05-12T07:05:43,Site M,2026-04,2026-06,ML (Ensemble RF+GBR),forecast_flowrate,7.59953971781724
2026-05-12T07:05:43,Site M,2026-04,2026-06,ML (Ensemble RF+GBR),lower_95,6.448757873527557
2026-05-12T07:05:43,Site M,2026-04,2026-06,ML (Ensemble RF+GBR),upper_95,8.750321562106924
2026-05-12T07:05:43,Site M,2026-04,2026-07,ML (Ensemble RF+GBR),forecast_flowrate,7.826588979197853
2026-05-12T07:05:43,Site M,2026-04,2026-07,ML (Ensemble RF+GBR),lower_95,6.675807134908169
2026-05-12T07:05:43,Site M,2026-04,2026-07,ML (Ensemble RF+GBR),upper_95,8.977370823487536
2026-05-12T07:05:43,Site M,2026-04,2026-08,ML (Ensemble RF+GBR),forecast_flowrate,7.673652560266063
2026-05-12T07:05:43,Site M,2026-04,2026-08,ML (Ensemble RF+GBR),lower_95,6.52287071597638
2026-05-12T07:05:43,Site M,2026-04,2026-08,ML (Ensemble RF+GBR),upper_95,8.824434404555747
2026-05-12T07:05:43,Site M,2026-04,2026-09,ML (Ensemble RF+GBR),forecast_flowrate,7.450868921176987
2026-05-12T07:05:43,Site M,2026-04,2026-09,ML (Ensemble RF+GBR),lower_95,6.300087076887303
2026-05-12T07:05:43,Site M,2026-04,2026-09,ML (Ensemble RF+GBR),upper_95,8.60165076546667
2026-05-12T07:05:43,Site M,2026-04,2026-10,ML (Ensemble RF+GBR),forecast_flowrate,7.403790921534645
2026-05-12T07:05:43,Site M,2026-04,2026-10,ML (Ensemble RF+GBR),lower_95,6.253009077244961
2026-05-12T07:05:43,Site M,2026-04,2026-10,ML (Ensemble RF+GBR),upper_95,8.554572765824329
2026-05-12T11:06:23,Site K,2026-04,2026-05,XGBoost,forecast_flowrate,135.76084899902344
2026-05-12T11:06:23,Site K,2026-04,2026-05,XGBoost,lower_95,132.66342163085938
2026-05-12T11:06:23,Site K,2026-04,2026-05,XGBoost,upper_95,138.8582763671875
2026-05-12T11:06:23,Site K,2026-04,2026-06,XGBoost,forecast_flowrate,135.71604919433594
2026-05-12T11:06:23,Site K,2026-04,2026-06,XGBoost,lower_95,132.61862182617188
2026-05-12T11:06:23,Site K,2026-04,2026-06,XGBoost,upper_95,138.8134765625
2026-05-12T11:06:23,Site K,2026-04,2026-07,XGBoost,forecast_flowrate,134.7498779296875
2026-05-12T11:06:23,Site K,2026-04,2026-07,XGBoost,lower_95,131.65245056152344
2026-05-12T11:06:23,Site K,2026-04,2026-07,XGBoost,upper_95,137.84730529785156
2026-05-12T11:06:23,Site K,2026-04,2026-08,XGBoost,forecast_flowrate,134.53732299804688
2026-05-12T11:06:23,Site K,2026-04,2026-08,XGBoost,lower_95,131.4398956298828
2026-05-12T11:06:23,Site K,2026-04,2026-08,XGBoost,upper_95,137.63475036621094
2026-05-12T11:06:23,Site K,2026-04,2026-09,XGBoost,forecast_flowrate,134.0438995361328
2026-05-12T11:06:23,Site K,2026-04,2026-09,XGBoost,lower_95,130.94647216796875
2026-05-12T11:06:23,Site K,2026-04,2026-09,XGBoost,upper_95,137.14132690429688
2026-05-12T11:06:23,Site K,2026-04,2026-10,XGBoost,forecast_flowrate,134.14849853515625
2026-05-12T11:06:23,Site K,2026-04,2026-10,XGBoost,lower_95,131.0510711669922
2026-05-12T11:06:23,Site K,2026-04,2026-10,XGBoost,upper_95,137.2459259033203
2026-06-10T07:14:14,Site B,2026-05,2026-06,ML (Ensemble RF+GBR),forecast_flowrate,19.80148457883977
2026-06-10T07:14:14,Site B,2026-05,2026-06,ML (Ensemble RF+GBR),lower_95,13.898806138671592
2026-06-10T07:14:14,Site B,2026-05,2026-06,ML (Ensemble RF+GBR),upper_95,25.70416301900794
2026-06-10T07:14:14,Site B,2026-05,2026-07,ML (Ensemble RF+GBR),forecast_flowrate,19.963793981794225
2026-06-10T07:14:14,Site B,2026-05,2026-07,ML (Ensemble RF+GBR),lower_95,14.061115541626052
2026-06-10T07:14:14,Site B,2026-05,2026-07,ML (Ensemble RF+GBR),upper_95,25.8664724219624
2026-06-10T07:14:14,Site B,2026-05,2026-08,ML (Ensemble RF+GBR),forecast_flowrate,18.58934140215113
2026-06-10T07:14:14,Site B,2026-05,2026-08,ML (Ensemble RF+GBR),lower_95,12.68666296198296
2026-06-10T07:14:14,Site B,2026-05,2026-08,ML (Ensemble RF+GBR),upper_95,24.49201984231931
2026-06-10T07:14:14,Site B,2026-05,2026-09,ML (Ensemble RF+GBR),forecast_flowrate,17.09970411842776
2026-06-10T07:14:14,Site B,2026-05,2026-09,ML (Ensemble RF+GBR),lower_95,11.197025678259584
2026-06-10T07:14:14,Site B,2026-05,2026-09,ML (Ensemble RF+GBR),upper_95,23.002382558595933
2026-06-10T07:14:14,Site B,2026-05,2026-10,ML (Ensemble RF+GBR),forecast_flowrate,17.03460978631201
2026-06-10T07:14:14,Site B,2026-05,2026-10,ML (Ensemble RF+GBR),lower_95,11.131931346143835
2026-06-10T07:14:14,Site B,2026-05,2026-10,ML (Ensemble RF+GBR),upper_95,22.937288226480185
2026-06-10T07:14:14,Site B,2026-05,2026-11,ML (Ensemble RF+GBR),forecast_flowrate,17.364603199741424
2026-06-10T07:14:14,Site B,2026-05,2026-11,ML (Ensemble RF+GBR),lower_95,11.46192475957325
2026-06-10T07:14:14,Site B,2026-05,2026-11,ML (Ensemble RF+GBR),upper_95,23.2672816399096
2026-06-10T07:22:56,Site T,2026-05,2026-06,XGBoost,forecast_flowrate,12.0578031539917
2026-06-10T07:22:56,Site T,2026-05,2026-06,XGBoost,lower_95,9.265615463256836
2026-06-10T07:22:56,Site T,2026-05,2026-06,XGBoost,upper_95,14.849990844726562
2026-06-10T07:22:56,Site T,2026-05,2026-07,XGBoost,forecast_flowrate,11.87517547607422
2026-06-10T07:22:56,Site T,2026-05,2026-07,XGBoost,lower_95,9.082987785339355
2026-06-10T07:22:56,Site T,2026-05,2026-07,XGBoost,upper_95,14.667363166809082
2026-06-10T07:22:56,Site T,2026-05,2026-08,XGBoost,forecast_flowrate,11.568177223205566
2026-06-10T07:22:56,Site T,2026-05,2026-08,XGBoost,lower_95,8.775989532470703
2026-06-10T07:22:56,Site T,2026-05,2026-08,XGBoost,upper_95,14.36036491394043
2026-06-10T07:22:56,Site T,2026-05,2026-09,XGBoost,forecast_flowrate,10.89564323425293
2026-06-10T07:22:56,Site T,2026-05,2026-09,XGBoost,lower_95,8.103455543518066
2026-06-10T07:22:56,Site T,2026-05,2026-09,XGBoost,upper_95,13.687830924987791
2026-06-10T07:22:56,Site T,2026-05,2026-10,XGBoost,forecast_flowrate,10.978376388549805
2026-06-10T07:22:56,Site T,2026-05,2026-10,XGBoost,lower_95,8.186188697814941
2026-06-10T07:22:56,Site T,2026-05,2026-10,XGBoost,upper_95,13.770564079284668
2026-06-10T07:22:56,Site T,2026-05,2026-11,XGBoost,forecast_flowrate,10.246526718139648
2026-06-10T07:22:56,Site T,2026-05,2026-11,XGBoost,lower_95,7.454339027404785
2026-06-10T07:22:56,Site T,2026-05,2026-11,XGBoost,upper_95,13.038714408874512
2026-06-10T07:28:31,Site L,2026-05,2026-06,SARIMAX,forecast_flowrate,80.34489157342648
2026-06-10T07:28:31,Site L,2026-05,2026-06,SARIMAX,lower_95,76.57195339928157
2026-06-10T07:28:31,Site L,2026-05,2026-06,SARIMAX,upper_95,84.11782974757139
2026-06-10T07:28:31,Site L,2026-05,2026-07,SARIMAX,forecast_flowrate,80.41219589060361
2026-06-10T07:28:31,Site L,2026-05,2026-07,SARIMAX,lower_95,75.75625887032122
2026-06-10T07:28:31,Site L,2026-05,2026-07,SARIMAX,upper_95,85.068132910886
2026-06-10T07:28:31,Site L,2026-05,2026-08,SARIMAX,forecast_flowrate,79.83207469386697
2026-06-10T07:28:31,Site L,2026-05,2026-08,SARIMAX,lower_95,74.74032495285587
2026-06-10T07:28:31,Site L,2026-05,2026-08,SARIMAX,upper_95,84.92382443487807
2026-06-10T07:41:37,Site K,2026-05,2026-06,XGBoost,forecast_flowrate,139.0919189453125
2026-06-10T07:41:37,Site K,2026-05,2026-06,XGBoost,lower_95,135.34146118164062
2026-06-10T07:41:37,Site K,2026-05,2026-06,XGBoost,upper_95,142.84237670898438
2026-06-10T07:41:37,Site K,2026-05,2026-07,XGBoost,forecast_flowrate,136.803955078125
2026-06-10T07:41:37,Site K,2026-05,2026-07,XGBoost,lower_95,133.05349731445312
2026-06-10T07:41:37,Site K,2026-05,2026-07,XGBoost,upper_95,140.55441284179688
2026-06-10T07:41:37,Site K,2026-05,2026-08,XGBoost,forecast_flowrate,131.004150390625
2026-06-10T07:41:37,Site K,2026-05,2026-08,XGBoost,lower_95,127.25369262695312
2026-06-10T07:41:37,Site K,2026-05,2026-08,XGBoost,upper_95,134.75460815429688
2026-06-10T07:41:37,Site K,2026-05,2026-09,XGBoost,forecast_flowrate,127.75802612304688
2026-06-10T07:41:37,Site K,2026-05,2026-09,XGBoost,lower_95,124.007568359375
2026-06-10T07:41:37,Site K,2026-05,2026-09,XGBoost,upper_95,131.50848388671875
2026-06-10T07:41:37,Site K,2026-05,2026-10,XGBoost,forecast_flowrate,124.8967056274414
2026-06-10T07:41:37,Site K,2026-05,2026-10,XGBoost,lower_95,121.14624786376952
2026-06-10T07:41:37,Site K,2026-05,2026-10,XGBoost,upper_95,128.64715576171875
2026-06-10T07:41:37,Site K,2026-05,2026-11,XGBoost,forecast_flowrate,121.6912078857422
2026-06-10T07:41:37,Site K,2026-05,2026-11,XGBoost,lower_95,117.94075012207033
2026-06-10T07:41:37,Site K,2026-05,2026-11,XGBoost,upper_95,125.44166564941406
2026-06-10T08:00:55,Site S,2026-05,2026-06,XGBoost,forecast_flowrate,62.04485321044922
2026-06-10T08:00:55,Site S,2026-05,2026-06,XGBoost,lower_95,61.22240447998047
2026-06-10T08:00:55,Site S,2026-05,2026-06,XGBoost,upper_95,62.86730194091797
2026-06-10T08:00:55,Site S,2026-05,2026-07,XGBoost,forecast_flowrate,62.09532928466797
2026-06-10T08:00:55,Site S,2026-05,2026-07,XGBoost,lower_95,61.27288055419922
2026-06-10T08:00:55,Site S,2026-05,2026-07,XGBoost,upper_95,62.91777801513672
2026-06-10T08:00:55,Site S,2026-05,2026-08,XGBoost,forecast_flowrate,62.353614807128906
2026-06-10T08:00:55,Site S,2026-05,2026-08,XGBoost,lower_95,61.53116607666016
2026-06-10T08:00:55,Site S,2026-05,2026-08,XGBoost,upper_95,63.176063537597656
2026-06-10T08:00:55,Site S,2026-05,2026-09,XGBoost,forecast_flowrate,62.40890121459961
2026-06-10T08:00:55,Site S,2026-05,2026-09,XGBoost,lower_95,61.58645248413086
2026-06-10T08:00:55,Site S,2026-05,2026-09,XGBoost,upper_95,63.23134994506836
2026-06-10T08:00:55,Site S,2026-05,2026-10,XGBoost,forecast_flowrate,63.0243034362793
2026-06-10T08:00:55,Site S,2026-05,2026-10,XGBoost,lower_95,62.20185470581055
2026-06-10T08:00:55,Site S,2026-05,2026-10,XGBoost,upper_95,63.84675216674805
2026-06-10T08:00:55,Site S,2026-05,2026-11,XGBoost,forecast_flowrate,62.16865539550781
2026-06-10T08:00:55,Site S,2026-05,2026-11,XGBoost,lower_95,61.34620666503906
2026-06-10T08:00:55,Site S,2026-05,2026-11,XGBoost,upper_95,62.99110412597656
2026-06-10T08:06:26,Site KL,2026-05,2026-06,ML (Ensemble RF+GBR),forecast_flowrate,74.80112326731796
2026-06-10T08:06:26,Site KL,2026-05,2026-06,ML (Ensemble RF+GBR),lower_95,73.55087973165027
2026-06-10T08:06:26,Site KL,2026-05,2026-06,ML (Ensemble RF+GBR),upper_95,76.05136680298565
2026-06-10T08:06:26,Site KL,2026-05,2026-07,ML (Ensemble RF+GBR),forecast_flowrate,72.68324418264774
2026-06-10T08:06:26,Site KL,2026-05,2026-07,ML (Ensemble RF+GBR),lower_95,71.43300064698005
2026-06-10T08:06:26,Site KL,2026-05,2026-07,ML (Ensemble RF+GBR),upper_95,73.93348771831543
2026-06-10T08:06:26,Site KL,2026-05,2026-08,ML (Ensemble RF+GBR),forecast_flowrate,69.99693913557766
2026-06-10T08:06:26,Site KL,2026-05,2026-08,ML (Ensemble RF+GBR),lower_95,68.74669559990997
2026-06-10T08:06:26,Site KL,2026-05,2026-08,ML (Ensemble RF+GBR),upper_95,71.24718267124535
2026-06-10T08:06:26,Site KL,2026-05,2026-09,ML (Ensemble RF+GBR),forecast_flowrate,68.51457047637348
2026-06-10T08:06:26,Site KL,2026-05,2026-09,ML (Ensemble RF+GBR),lower_95,67.26432694070579
2026-06-10T08:06:26,Site KL,2026-05,2026-09,ML (Ensemble RF+GBR),upper_95,69.76481401204117
2026-06-10T08:06:26,Site KL,2026-05,2026-10,ML (Ensemble RF+GBR),forecast_flowrate,63.19735105520489
2026-06-10T08:06:26,Site KL,2026-05,2026-10,ML (Ensemble RF+GBR),lower_95,61.947107519537205
2026-06-10T08:06:26,Site KL,2026-05,2026-10,ML (Ensemble RF+GBR),upper_95,64.44759459087258
2026-06-10T08:06:26,Site KL,2026-05,2026-11,ML (Ensemble RF+GBR),forecast_flowrate,64.09123184561767
2026-06-10T08:06:26,Site KL,2026-05,2026-11,ML (Ensemble RF+GBR),lower_95,62.84098830994999
2026-06-10T08:06:26,Site KL,2026-05,2026-11,ML (Ensemble RF+GBR),upper_95,65.34147538128536
2026-06-10T08:09:38,Site M,2026-05,2026-06,XGBoost,forecast_flowrate,7.536599159240723
2026-06-10T08:09:38,Site M,2026-05,2026-06,XGBoost,lower_95,6.529967308044434
2026-06-10T08:09:38,Site M,2026-05,2026-06,XGBoost,upper_95,8.543231010437012
2026-06-10T08:09:38,Site M,2026-05,2026-07,XGBoost,forecast_flowrate,7.694544315338135
2026-06-10T08:09:38,Site M,2026-05,2026-07,XGBoost,lower_95,6.687911987304688
2026-06-10T08:09:38,Site M,2026-05,2026-07,XGBoost,upper_95,8.701176643371582
2026-06-10T08:09:38,Site M,2026-05,2026-08,XGBoost,forecast_flowrate,7.610617160797119
2026-06-10T08:09:38,Site M,2026-05,2026-08,XGBoost,lower_95,6.603984832763672
2026-06-10T08:09:38,Site M,2026-05,2026-08,XGBoost,upper_95,8.617249488830566
2026-06-10T08:09:38,Site M,2026-05,2026-09,XGBoost,forecast_flowrate,7.493573665618896
2026-06-10T08:09:38,Site M,2026-05,2026-09,XGBoost,lower_95,6.486941337585449
2026-06-10T08:09:38,Site M,2026-05,2026-09,XGBoost,upper_95,8.500205993652344
2026-06-10T08:09:38,Site M,2026-05,2026-10,XGBoost,forecast_flowrate,7.494822978973389
2026-06-10T08:09:38,Site M,2026-05,2026-10,XGBoost,lower_95,6.488190650939941
2026-06-10T08:09:38,Site M,2026-05,2026-10,XGBoost,upper_95,8.501455307006836
2026-06-10T08:09:38,Site M,2026-05,2026-11,XGBoost,forecast_flowrate,7.312885284423828
2026-06-10T08:09:38,Site M,2026-05,2026-11,XGBoost,lower_95,6.306253433227539
2026-06-10T08:09:38,Site M,2026-05,2026-11,XGBoost,upper_95,8.319517135620117
2026-06-20T07:19:29,Site K,2026-05,2026-06,XGBoost,forecast_flowrate,139.1763916015625
2026-06-20T07:19:29,Site K,2026-05,2026-06,XGBoost,lower_95,135.42593383789062
2026-06-20T07:19:29,Site K,2026-05,2026-06,XGBoost,upper_95,142.92684936523438
2026-06-20T07:19:29,Site K,2026-05,2026-07,XGBoost,forecast_flowrate,139.48316955566406
2026-06-20T07:19:29,Site K,2026-05,2026-07,XGBoost,lower_95,135.7327117919922
2026-06-20T07:19:29,Site K,2026-05,2026-07,XGBoost,upper_95,143.23362731933594
2026-06-20T07:19:29,Site K,2026-05,2026-08,XGBoost,forecast_flowrate,138.32708740234375
2026-06-20T07:19:29,Site K,2026-05,2026-08,XGBoost,lower_95,134.57662963867188
2026-06-20T07:19:29,Site K,2026-05,2026-08,XGBoost,upper_95,142.07754516601562
2026-06-20T07:19:29,Site K,2026-05,2026-09,XGBoost,forecast_flowrate,138.62306213378906
2026-06-20T07:19:29,Site K,2026-05,2026-09,XGBoost,lower_95,134.8726043701172
2026-06-20T07:19:29,Site K,2026-05,2026-09,XGBoost,upper_95,142.37351989746094
2026-06-20T07:19:29,Site K,2026-05,2026-10,XGBoost,forecast_flowrate,138.74288940429688
2026-06-20T07:19:29,Site K,2026-05,2026-10,XGBoost,lower_95,134.992431640625
2026-06-20T07:19:29,Site K,2026-05,2026-10,XGBoost,upper_95,142.49334716796875
2026-06-20T07:19:29,Site K,2026-05,2026-11,XGBoost,forecast_flowrate,138.72988891601562
2026-06-20T07:19:29,Site K,2026-05,2026-11,XGBoost,lower_95,134.97943115234375
2026-06-20T07:19:29,Site K,2026-05,2026-11,XGBoost,upper_95,142.4803466796875
2026-06-20T07:23:14,Site L,2026-05,2026-06,XGBoost,forecast_flowrate,78.08087158203125
2026-06-20T07:23:14,Site L,2026-05,2026-06,XGBoost,lower_95,76.37937927246094
2026-06-20T07:23:14,Site L,2026-05,2026-06,XGBoost,upper_95,79.78236389160156
2026-06-20T07:23:14,Site L,2026-05,2026-07,XGBoost,forecast_flowrate,78.28118133544922
2026-06-20T07:23:14,Site L,2026-05,2026-07,XGBoost,lower_95,76.5796890258789
2026-06-20T07:23:14,Site L,2026-05,2026-07,XGBoost,upper_95,79.98267364501953
2026-06-20T07:23:14,Site L,2026-05,2026-08,XGBoost,forecast_flowrate,78.62275695800781
2026-06-20T07:23:14,Site L,2026-05,2026-08,XGBoost,lower_95,76.9212646484375
2026-06-20T07:23:14,Site L,2026-05,2026-08,XGBoost,upper_95,80.32424926757812
2026-06-20T07:23:14,Site L,2026-05,2026-09,XGBoost,forecast_flowrate,78.11241912841797
2026-06-20T07:23:14,Site L,2026-05,2026-09,XGBoost,lower_95,76.41092681884766
2026-06-20T07:23:14,Site L,2026-05,2026-09,XGBoost,upper_95,79.81391143798828
2026-06-20T07:23:14,Site L,2026-05,2026-10,XGBoost,forecast_flowrate,77.59342956542969
2026-06-20T07:23:14,Site L,2026-05,2026-10,XGBoost,lower_95,75.89193725585938
2026-06-20T07:23:14,Site L,2026-05,2026-10,XGBoost,upper_95,79.294921875
2026-06-20T07:23:14,Site L,2026-05,2026-11,XGBoost,forecast_flowrate,77.8092269897461
2026-06-20T07:23:14,Site L,2026-05,2026-11,XGBoost,lower_95,76.10773468017578
2026-06-20T07:23:14,Site L,2026-05,2026-11,XGBoost,upper_95,79.5107192993164
2026-06-25T12:50:43,Site B,2026-05,2026-06,XGBoost,forecast_flowrate,17.89612579345703
2026-06-25T12:50:43,Site B,2026-05,2026-06,XGBoost,lower_95,11.47804355621338
2026-06-25T12:50:43,Site B,2026-05,2026-06,XGBoost,upper_95,24.314208984375
2026-06-25T12:50:43,Site B,2026-05,2026-07,XGBoost,forecast_flowrate,16.77710723876953
2026-06-25T12:50:43,Site B,2026-05,2026-07,XGBoost,lower_95,10.35902500152588
2026-06-25T12:50:43,Site B,2026-05,2026-07,XGBoost,upper_95,23.1951904296875
2026-06-25T12:50:43,Site B,2026-05,2026-08,XGBoost,forecast_flowrate,15.545355796813965
2026-06-25T12:50:43,Site B,2026-05,2026-08,XGBoost,lower_95,9.127273559570312
2026-06-25T12:50:43,Site B,2026-05,2026-08,XGBoost,upper_95,21.963438034057617
2026-06-25T12:50:43,Site B,2026-05,2026-09,XGBoost,forecast_flowrate,15.179569244384766
2026-06-25T12:50:43,Site B,2026-05,2026-09,XGBoost,lower_95,8.761487007141113
2026-06-25T12:50:43,Site B,2026-05,2026-09,XGBoost,upper_95,21.59765243530273
2026-06-25T12:50:43,Site B,2026-05,2026-10,XGBoost,forecast_flowrate,14.04489517211914
2026-06-25T12:50:43,Site B,2026-05,2026-10,XGBoost,lower_95,7.626812934875488
2026-06-25T12:50:43,Site B,2026-05,2026-10,XGBoost,upper_95,20.46297836303711
2026-06-25T12:50:43,Site B,2026-05,2026-11,XGBoost,forecast_flowrate,13.421730995178224
2026-06-25T12:50:43,Site B,2026-05,2026-11,XGBoost,lower_95,7.00364875793457
2026-06-25T12:50:43,Site B,2026-05,2026-11,XGBoost,upper_95,19.839813232421875
2026-06-25T12:51:22,Site K,2026-05,2026-06,XGBoost,forecast_flowrate,139.0919189453125
2026-06-25T12:51:22,Site K,2026-05,2026-06,XGBoost,lower_95,135.34146118164062
2026-06-25T12:51:22,Site K,2026-05,2026-06,XGBoost,upper_95,142.84237670898438
2026-06-25T12:51:22,Site K,2026-05,2026-07,XGBoost,forecast_flowrate,136.803955078125
2026-06-25T12:51:22,Site K,2026-05,2026-07,XGBoost,lower_95,133.05349731445312
2026-06-25T12:51:22,Site K,2026-05,2026-07,XGBoost,upper_95,140.55441284179688
2026-06-25T12:51:22,Site K,2026-05,2026-08,XGBoost,forecast_flowrate,131.004150390625
2026-06-25T12:51:22,Site K,2026-05,2026-08,XGBoost,lower_95,127.25369262695312
2026-06-25T12:51:22,Site K,2026-05,2026-08,XGBoost,upper_95,134.75460815429688
2026-06-25T12:51:22,Site K,2026-05,2026-09,XGBoost,forecast_flowrate,127.75802612304688
2026-06-25T12:51:22,Site K,2026-05,2026-09,XGBoost,lower_95,124.007568359375
2026-06-25T12:51:22,Site K,2026-05,2026-09,XGBoost,upper_95,131.50848388671875
2026-06-25T12:51:22,Site K,2026-05,2026-10,XGBoost,forecast_flowrate,124.8967056274414
2026-06-25T12:51:22,Site K,2026-05,2026-10,XGBoost,lower_95,121.14624786376952
2026-06-25T12:51:22,Site K,2026-05,2026-10,XGBoost,upper_95,128.64715576171875
2026-06-25T12:51:22,Site K,2026-05,2026-11,XGBoost,forecast_flowrate,121.6912078857422
2026-06-25T12:51:22,Site K,2026-05,2026-11,XGBoost,lower_95,117.94075012207033
2026-06-25T12:51:22,Site K,2026-05,2026-11,XGBoost,upper_95,125.44166564941406
2026-06-25T12:51:22,Site K,2026-05,2026-12,XGBoost,forecast_flowrate,121.677001953125
2026-06-25T12:51:22,Site K,2026-05,2026-12,XGBoost,lower_95,117.92654418945312
2026-06-25T12:51:22,Site K,2026-05,2026-12,XGBoost,upper_95,125.42745971679688
2026-06-25T12:51:22,Site K,2026-05,2027-01,XGBoost,forecast_flowrate,122.86027526855467
2026-06-25T12:51:22,Site K,2026-05,2027-01,XGBoost,lower_95,119.1098175048828
2026-06-25T12:51:22,Site K,2026-05,2027-01,XGBoost,upper_95,126.61073303222656
2026-06-25T12:51:22,Site K,2026-05,2027-02,XGBoost,forecast_flowrate,125.52677154541016
2026-06-25T12:51:22,Site K,2026-05,2027-02,XGBoost,lower_95,121.77631378173828
2026-06-25T12:51:22,Site K,2026-05,2027-02,XGBoost,upper_95,129.2772216796875
2026-06-25T12:51:22,Site K,2026-05,2027-03,XGBoost,forecast_flowrate,128.7006072998047
2026-06-25T12:51:22,Site K,2026-05,2027-03,XGBoost,lower_95,124.9501495361328
2026-06-25T12:51:22,Site K,2026-05,2027-03,XGBoost,upper_95,132.45106506347656
2026-06-25T12:51:22,Site K,2026-05,2027-04,XGBoost,forecast_flowrate,130.0618133544922
2026-06-25T12:51:22,Site K,2026-05,2027-04,XGBoost,lower_95,126.31135559082033
2026-06-25T12:51:22,Site K,2026-05,2027-04,XGBoost,upper_95,133.81227111816406
2026-06-25T12:51:22,Site K,2026-05,2027-05,XGBoost,forecast_flowrate,132.1155242919922
2026-06-25T12:51:22,Site K,2026-05,2027-05,XGBoost,lower_95,128.3650665283203
2026-06-25T12:51:22,Site K,2026-05,2027-05,XGBoost,upper_95,135.86598205566406
2026-07-11T10:34:05,Site B,2026-05,2026-06,XGBoost,forecast_flowrate,17.787033081054688
2026-07-11T10:34:05,Site B,2026-05,2026-06,XGBoost,lower_95,11.368950843811035
2026-07-11T10:34:05,Site B,2026-05,2026-06,XGBoost,upper_95,24.205116271972656
2026-07-11T10:34:05,Site B,2026-05,2026-07,XGBoost,forecast_flowrate,17.22572898864746
2026-07-11T10:34:05,Site B,2026-05,2026-07,XGBoost,lower_95,10.807646751403809
2026-07-11T10:34:05,Site B,2026-05,2026-07,XGBoost,upper_95,23.6438102722168
2026-07-11T10:34:05,Site B,2026-05,2026-08,XGBoost,forecast_flowrate,16.930837631225586
2026-07-11T10:34:05,Site B,2026-05,2026-08,XGBoost,lower_95,10.512755393981934
2026-07-11T10:34:05,Site B,2026-05,2026-08,XGBoost,upper_95,23.34891891479492
2026-07-11T10:34:05,Site B,2026-05,2026-09,XGBoost,forecast_flowrate,17.366313934326172
2026-07-11T10:34:05,Site B,2026-05,2026-09,XGBoost,lower_95,10.94823169708252
2026-07-11T10:34:05,Site B,2026-05,2026-09,XGBoost,upper_95,23.78439712524414
2026-07-11T10:34:05,Site B,2026-05,2026-10,XGBoost,forecast_flowrate,17.358854293823242
2026-07-11T10:34:05,Site B,2026-05,2026-10,XGBoost,lower_95,10.94077205657959
2026-07-11T10:34:05,Site B,2026-05,2026-10,XGBoost,upper_95,23.77693557739257
2026-07-11T10:34:05,Site B,2026-05,2026-11,XGBoost,forecast_flowrate,17.33124542236328
2026-07-11T10:34:05,Site B,2026-05,2026-11,XGBoost,lower_95,10.913163185119627
2026-07-11T10:34:05,Site B,2026-05,2026-11,XGBoost,upper_95,23.74932861328125
2026-07-11T10:36:31,Site B,2026-05,2026-06,XGBoost,forecast_flowrate,17.787033081054688
2026-07-11T10:36:31,Site B,2026-05,2026-06,XGBoost,lower_95,11.368950843811035
2026-07-11T10:36:31,Site B,2026-05,2026-06,XGBoost,upper_95,24.205116271972656
2026-07-11T10:36:31,Site B,2026-05,2026-07,XGBoost,forecast_flowrate,17.22572898864746
2026-07-11T10:36:31,Site B,2026-05,2026-07,XGBoost,lower_95,10.807646751403809
2026-07-11T10:36:31,Site B,2026-05,2026-07,XGBoost,upper_95,23.6438102722168
2026-07-11T10:36:31,Site B,2026-05,2026-08,XGBoost,forecast_flowrate,16.930837631225586
2026-07-11T10:36:31,Site B,2026-05,2026-08,XGBoost,lower_95,10.512755393981934
2026-07-11T10:36:31,Site B,2026-05,2026-08,XGBoost,upper_95,23.34891891479492
2026-07-11T10:36:31,Site B,2026-05,2026-09,XGBoost,forecast_flowrate,17.366313934326172
2026-07-11T10:36:31,Site B,2026-05,2026-09,XGBoost,lower_95,10.94823169708252
2026-07-11T10:36:31,Site B,2026-05,2026-09,XGBoost,upper_95,23.78439712524414
2026-07-11T10:36:31,Site B,2026-05,2026-10,XGBoost,forecast_flowrate,17.358854293823242
2026-07-11T10:36:31,Site B,2026-05,2026-10,XGBoost,lower_95,10.94077205657959
2026-07-11T10:36:31,Site B,2026-05,2026-10,XGBoost,upper_95,23.77693557739257
2026-07-11T10:36:31,Site B,2026-05,2026-11,XGBoost,forecast_flowrate,17.33124542236328
2026-07-11T10:36:31,Site B,2026-05,2026-11,XGBoost,lower_95,10.913163185119627
2026-07-11T10:36:31,Site B,2026-05,2026-11,XGBoost,upper_95,23.74932861328125
2026-07-11T10:36:48,Site K,2026-05,2026-06,XGBoost,forecast_flowrate,139.1763916015625
2026-07-11T10:36:48,Site K,2026-05,2026-06,XGBoost,lower_95,135.42593383789062
2026-07-11T10:36:48,Site K,2026-05,2026-06,XGBoost,upper_95,142.92684936523438
2026-07-11T10:36:48,Site K,2026-05,2026-07,XGBoost,forecast_flowrate,139.48316955566406
2026-07-11T10:36:48,Site K,2026-05,2026-07,XGBoost,lower_95,135.7327117919922
2026-07-11T10:36:48,Site K,2026-05,2026-07,XGBoost,upper_95,143.23362731933594
2026-07-11T10:36:48,Site K,2026-05,2026-08,XGBoost,forecast_flowrate,138.32708740234375
2026-07-11T10:36:48,Site K,2026-05,2026-08,XGBoost,lower_95,134.57662963867188
2026-07-11T10:36:48,Site K,2026-05,2026-08,XGBoost,upper_95,142.07754516601562
2026-07-11T10:36:48,Site K,2026-05,2026-09,XGBoost,forecast_flowrate,138.62306213378906
2026-07-11T10:36:48,Site K,2026-05,2026-09,XGBoost,lower_95,134.8726043701172
2026-07-11T10:36:48,Site K,2026-05,2026-09,XGBoost,upper_95,142.37351989746094
2026-07-11T10:36:48,Site K,2026-05,2026-10,XGBoost,forecast_flowrate,138.74288940429688
2026-07-11T10:36:48,Site K,2026-05,2026-10,XGBoost,lower_95,134.992431640625
2026-07-11T10:36:48,Site K,2026-05,2026-10,XGBoost,upper_95,142.49334716796875
2026-07-11T10:36:48,Site K,2026-05,2026-11,XGBoost,forecast_flowrate,138.72988891601562
2026-07-11T10:36:48,Site K,2026-05,2026-11,XGBoost,lower_95,134.97943115234375
2026-07-11T10:36:48,Site K,2026-05,2026-11,XGBoost,upper_95,142.4803466796875
2026-07-11T10:37:15,Site K,2026-05,2026-06,XGBoost,forecast_flowrate,139.0919189453125
2026-07-11T10:37:15,Site K,2026-05,2026-06,XGBoost,lower_95,135.34146118164062
2026-07-11T10:37:15,Site K,2026-05,2026-06,XGBoost,upper_95,142.84237670898438
2026-07-11T10:37:15,Site K,2026-05,2026-07,XGBoost,forecast_flowrate,136.803955078125
2026-07-11T10:37:15,Site K,2026-05,2026-07,XGBoost,lower_95,133.05349731445312
2026-07-11T10:37:15,Site K,2026-05,2026-07,XGBoost,upper_95,140.55441284179688
2026-07-11T10:37:15,Site K,2026-05,2026-08,XGBoost,forecast_flowrate,131.004150390625
2026-07-11T10:37:15,Site K,2026-05,2026-08,XGBoost,lower_95,127.25369262695312
2026-07-11T10:37:15,Site K,2026-05,2026-08,XGBoost,upper_95,134.75460815429688
2026-07-11T10:37:15,Site K,2026-05,2026-09,XGBoost,forecast_flowrate,127.75802612304688
2026-07-11T10:37:15,Site K,2026-05,2026-09,XGBoost,lower_95,124.007568359375
2026-07-11T10:37:15,Site K,2026-05,2026-09,XGBoost,upper_95,131.50848388671875
2026-07-11T10:37:15,Site K,2026-05,2026-10,XGBoost,forecast_flowrate,124.8967056274414
2026-07-11T10:37:15,Site K,2026-05,2026-10,XGBoost,lower_95,121.14624786376952
2026-07-11T10:37:15,Site K,2026-05,2026-10,XGBoost,upper_95,128.64715576171875
2026-07-11T10:37:15,Site K,2026-05,2026-11,XGBoost,forecast_flowrate,121.6054229736328
2026-07-11T10:37:15,Site K,2026-05,2026-11,XGBoost,lower_95,117.85496520996094
2026-07-11T10:37:15,Site K,2026-05,2026-11,XGBoost,upper_95,125.35588073730467
2026-07-11T10:37:29,Site K,2026-05,2026-06,XGBoost,forecast_flowrate,139.0919189453125
2026-07-11T10:37:29,Site K,2026-05,2026-06,XGBoost,lower_95,135.34146118164062
2026-07-11T10:37:29,Site K,2026-05,2026-06,XGBoost,upper_95,142.84237670898438
2026-07-11T10:37:29,Site K,2026-05,2026-07,XGBoost,forecast_flowrate,136.803955078125
2026-07-11T10:37:29,Site K,2026-05,2026-07,XGBoost,lower_95,133.05349731445312
2026-07-11T10:37:29,Site K,2026-05,2026-07,XGBoost,upper_95,140.55441284179688
2026-07-11T10:37:29,Site K,2026-05,2026-08,XGBoost,forecast_flowrate,131.004150390625
2026-07-11T10:37:29,Site K,2026-05,2026-08,XGBoost,lower_95,127.25369262695312
2026-07-11T10:37:29,Site K,2026-05,2026-08,XGBoost,upper_95,134.75460815429688
2026-07-11T10:37:29,Site K,2026-05,2026-09,XGBoost,forecast_flowrate,127.75802612304688
2026-07-11T10:37:29,Site K,2026-05,2026-09,XGBoost,lower_95,124.007568359375
2026-07-11T10:37:29,Site K,2026-05,2026-09,XGBoost,upper_95,131.50848388671875
2026-07-11T10:37:29,Site K,2026-05,2026-10,XGBoost,forecast_flowrate,124.8967056274414
2026-07-11T10:37:29,Site K,2026-05,2026-10,XGBoost,lower_95,121.14624786376952
2026-07-11T10:37:29,Site K,2026-05,2026-10,XGBoost,upper_95,128.64715576171875
2026-07-11T10:37:29,Site K,2026-05,2026-11,XGBoost,forecast_flowrate,121.6054229736328
2026-07-11T10:37:29,Site K,2026-05,2026-11,XGBoost,lower_95,117.85496520996094
2026-07-11T10:37:29,Site K,2026-05,2026-11,XGBoost,upper_95,125.35588073730467
2026-07-11T10:37:29,Site K,2026-05,2026-12,XGBoost,forecast_flowrate,121.25105285644533
2026-07-11T10:37:29,Site K,2026-05,2026-12,XGBoost,lower_95,117.50059509277344
2026-07-11T10:37:29,Site K,2026-05,2026-12,XGBoost,upper_95,125.0015106201172
2026-07-11T10:37:29,Site K,2026-05,2027-01,XGBoost,forecast_flowrate,122.58746337890624
2026-07-11T10:37:29,Site K,2026-05,2027-01,XGBoost,lower_95,118.83700561523438
2026-07-11T10:37:29,Site K,2026-05,2027-01,XGBoost,upper_95,126.33792114257812
2026-07-11T10:37:29,Site K,2026-05,2027-02,XGBoost,forecast_flowrate,125.43394470214844
2026-07-11T10:37:29,Site K,2026-05,2027-02,XGBoost,lower_95,121.68348693847656
2026-07-11T10:37:29,Site K,2026-05,2027-02,XGBoost,upper_95,129.1844024658203
2026-07-11T10:37:29,Site K,2026-05,2027-03,XGBoost,forecast_flowrate,128.7162628173828
2026-07-11T10:37:29,Site K,2026-05,2027-03,XGBoost,lower_95,124.96580505371094
2026-07-11T10:37:29,Site K,2026-05,2027-03,XGBoost,upper_95,132.4667205810547
2026-07-11T10:37:29,Site K,2026-05,2027-04,XGBoost,forecast_flowrate,130.04432678222656
2026-07-11T10:37:29,Site K,2026-05,2027-04,XGBoost,lower_95,126.29386901855467
2026-07-11T10:37:29,Site K,2026-05,2027-04,XGBoost,upper_95,133.79478454589844
2026-07-11T10:37:29,Site K,2026-05,2027-05,XGBoost,forecast_flowrate,132.1155242919922
2026-07-11T10:37:29,Site K,2026-05,2027-05,XGBoost,lower_95,128.3650665283203
2026-07-11T10:37:29,Site K,2026-05,2027-05,XGBoost,upper_95,135.86598205566406
2026-07-11T13:29:41,Site K,2026-05,2026-06,XGBoost,forecast_flowrate,139.1763916015625
2026-07-11T13:29:41,Site K,2026-05,2026-06,XGBoost,lower_95,135.42593383789062
2026-07-11T13:29:41,Site K,2026-05,2026-06,XGBoost,upper_95,142.92684936523438
2026-07-11T13:29:41,Site K,2026-05,2026-07,XGBoost,forecast_flowrate,139.48316955566406
2026-07-11T13:29:41,Site K,2026-05,2026-07,XGBoost,lower_95,135.7327117919922
2026-07-11T13:29:41,Site K,2026-05,2026-07,XGBoost,upper_95,143.23362731933594
2026-07-11T13:29:41,Site K,2026-05,2026-08,XGBoost,forecast_flowrate,138.32708740234375
2026-07-11T13:29:41,Site K,2026-05,2026-08,XGBoost,lower_95,134.57662963867188
2026-07-11T13:29:41,Site K,2026-05,2026-08,XGBoost,upper_95,142.07754516601562
2026-07-11T13:29:41,Site K,2026-05,2026-09,XGBoost,forecast_flowrate,138.62306213378906
2026-07-11T13:29:41,Site K,2026-05,2026-09,XGBoost,lower_95,134.8726043701172
2026-07-11T13:29:41,Site K,2026-05,2026-09,XGBoost,upper_95,142.37351989746094
2026-07-11T13:29:41,Site K,2026-05,2026-10,XGBoost,forecast_flowrate,138.74288940429688
2026-07-11T13:29:41,Site K,2026-05,2026-10,XGBoost,lower_95,134.992431640625
2026-07-11T13:29:41,Site K,2026-05,2026-10,XGBoost,upper_95,142.49334716796875
2026-07-11T13:29:41,Site K,2026-05,2026-11,XGBoost,forecast_flowrate,138.72988891601562
2026-07-11T13:29:41,Site K,2026-05,2026-11,XGBoost,lower_95,134.97943115234375
2026-07-11T13:29:41,Site K,2026-05,2026-11,XGBoost,upper_95,142.4803466796875
2026-07-13T00:48:02,Site K,2026-06,2026-07,XGBoost,forecast_flowrate,136.441650390625
2026-07-13T00:48:02,Site K,2026-06,2026-07,XGBoost,lower_95,131.5367431640625
2026-07-13T00:48:02,Site K,2026-06,2026-07,XGBoost,upper_95,141.3465576171875
2026-07-13T00:48:02,Site K,2026-06,2026-08,XGBoost,forecast_flowrate,131.2042999267578
2026-07-13T00:48:02,Site K,2026-06,2026-08,XGBoost,lower_95,126.29940032958984
2026-07-13T00:48:02,Site K,2026-06,2026-08,XGBoost,upper_95,136.1092071533203
2026-07-13T00:48:02,Site K,2026-06,2026-09,XGBoost,forecast_flowrate,129.0607452392578
2026-07-13T00:48:02,Site K,2026-06,2026-09,XGBoost,lower_95,124.15584564208984
2026-07-13T00:48:02,Site K,2026-06,2026-09,XGBoost,upper_95,133.9656524658203
2026-07-13T00:48:02,Site K,2026-06,2026-10,XGBoost,forecast_flowrate,125.0316925048828
2026-07-13T00:48:02,Site K,2026-06,2026-10,XGBoost,lower_95,120.12679290771484
2026-07-13T00:48:02,Site K,2026-06,2026-10,XGBoost,upper_95,129.9365997314453
2026-07-13T00:48:02,Site K,2026-06,2026-11,XGBoost,forecast_flowrate,123.6798858642578
2026-07-13T00:48:02,Site K,2026-06,2026-11,XGBoost,lower_95,118.77498626708984
2026-07-13T00:48:02,Site K,2026-06,2026-11,XGBoost,upper_95,128.5847930908203
2026-07-13T00:48:02,Site K,2026-06,2026-12,XGBoost,forecast_flowrate,121.71015167236328
2026-07-13T00:48:02,Site K,2026-06,2026-12,XGBoost,lower_95,116.80525207519533
2026-07-13T00:48:02,Site K,2026-06,2026-12,XGBoost,upper_95,126.61505126953124
2026-07-13T00:48:02,Site K,2026-06,2027-01,XGBoost,forecast_flowrate,122.71812438964844
2026-07-13T00:48:02,Site K,2026-06,2027-01,XGBoost,lower_95,117.81322479248048
2026-07-13T00:48:02,Site K,2026-06,2027-01,XGBoost,upper_95,127.6230239868164
2026-07-13T00:48:02,Site K,2026-06,2027-02,XGBoost,forecast_flowrate,125.16399383544922
2026-07-13T00:48:02,Site K,2026-06,2027-02,XGBoost,lower_95,120.25909423828124
2026-07-13T00:48:02,Site K,2026-06,2027-02,XGBoost,upper_95,130.0688934326172
2026-07-13T00:48:02,Site K,2026-06,2027-03,XGBoost,forecast_flowrate,128.80636596679688
2026-07-13T00:48:02,Site K,2026-06,2027-03,XGBoost,lower_95,123.9014663696289
2026-07-13T00:48:02,Site K,2026-06,2027-03,XGBoost,upper_95,133.71127319335938
2026-07-13T00:48:02,Site K,2026-06,2027-04,XGBoost,forecast_flowrate,130.12640380859375
2026-07-13T00:48:02,Site K,2026-06,2027-04,XGBoost,lower_95,125.22150421142578
2026-07-13T00:48:02,Site K,2026-06,2027-04,XGBoost,upper_95,135.03131103515625
2026-07-13T00:48:02,Site K,2026-06,2027-05,XGBoost,forecast_flowrate,131.99176025390625
2026-07-13T00:48:02,Site K,2026-06,2027-05,XGBoost,lower_95,127.08686065673828
2026-07-13T00:48:02,Site K,2026-06,2027-05,XGBoost,upper_95,136.89666748046875
2026-07-13T00:48:02,Site K,2026-06,2027-06,XGBoost,forecast_flowrate,134.84251403808594
2026-07-13T00:48:02,Site K,2026-06,2027-06,XGBoost,lower_95,129.93760681152344
2026-07-13T00:48:02,Site K,2026-06,2027-06,XGBoost,upper_95,139.74742126464844
2026-07-13T00:52:32,Site L,2026-06,2026-07,XGBoost,forecast_flowrate,79.60585021972656
2026-07-13T00:52:32,Site L,2026-06,2026-07,XGBoost,lower_95,77.39904022216797
2026-07-13T00:52:32,Site L,2026-06,2026-07,XGBoost,upper_95,81.81266021728516
2026-07-13T00:52:32,Site L,2026-06,2026-08,XGBoost,forecast_flowrate,77.5635757446289
2026-07-13T00:52:32,Site L,2026-06,2026-08,XGBoost,lower_95,75.35676574707031
2026-07-13T00:52:32,Site L,2026-06,2026-08,XGBoost,upper_95,79.7703857421875
2026-07-13T00:52:32,Site L,2026-06,2026-09,XGBoost,forecast_flowrate,76.74433135986328
2026-07-13T00:52:32,Site L,2026-06,2026-09,XGBoost,lower_95,74.53752136230469
2026-07-13T00:52:32,Site L,2026-06,2026-09,XGBoost,upper_95,78.95114135742188
2026-07-13T00:52:32,Site L,2026-06,2026-10,XGBoost,forecast_flowrate,75.8453140258789
2026-07-13T00:52:32,Site L,2026-06,2026-10,XGBoost,lower_95,73.63850402832031
2026-07-13T00:52:32,Site L,2026-06,2026-10,XGBoost,upper_95,78.0521240234375
2026-07-13T00:52:32,Site L,2026-06,2026-11,XGBoost,forecast_flowrate,74.51702117919922
2026-07-13T00:52:32,Site L,2026-06,2026-11,XGBoost,lower_95,72.31021118164062
2026-07-13T00:52:32,Site L,2026-06,2026-11,XGBoost,upper_95,76.72383117675781
2026-07-13T00:52:32,Site L,2026-06,2026-12,XGBoost,forecast_flowrate,74.07257080078125
2026-07-13T00:52:32,Site L,2026-06,2026-12,XGBoost,lower_95,71.86576080322266
2026-07-13T00:52:32,Site L,2026-06,2026-12,XGBoost,upper_95,76.27938079833984
2026-07-13T00:52:32,Site L,2026-06,2027-01,XGBoost,forecast_flowrate,74.86622619628906
2026-07-13T00:52:32,Site L,2026-06,2027-01,XGBoost,lower_95,72.65941619873047
2026-07-13T00:52:32,Site L,2026-06,2027-01,XGBoost,upper_95,77.07303619384766
2026-07-13T00:52:32,Site L,2026-06,2027-02,XGBoost,forecast_flowrate,75.4050064086914
2026-07-13T00:52:32,Site L,2026-06,2027-02,XGBoost,lower_95,73.19819641113281
2026-07-13T00:52:32,Site L,2026-06,2027-02,XGBoost,upper_95,77.61181640625
2026-07-13T00:52:32,Site L,2026-06,2027-03,XGBoost,forecast_flowrate,76.02363586425781
2026-07-13T00:52:32,Site L,2026-06,2027-03,XGBoost,lower_95,73.81682586669922
2026-07-13T00:52:32,Site L,2026-06,2027-03,XGBoost,upper_95,78.2304458618164
2026-07-13T00:52:32,Site L,2026-06,2027-04,XGBoost,forecast_flowrate,75.88426208496094
2026-07-13T00:52:32,Site L,2026-06,2027-04,XGBoost,lower_95,73.67745208740234
2026-07-13T00:52:32,Site L,2026-06,2027-04,XGBoost,upper_95,78.09107208251953
2026-07-13T00:52:32,Site L,2026-06,2027-05,XGBoost,forecast_flowrate,75.63868713378906
2026-07-13T00:52:32,Site L,2026-06,2027-05,XGBoost,lower_95,73.43187713623047
2026-07-13T00:52:32,Site L,2026-06,2027-05,XGBoost,upper_95,77.84549713134766
2026-07-13T00:52:32,Site L,2026-06,2027-06,XGBoost,forecast_flowrate,75.15718078613281
2026-07-13T00:52:32,Site L,2026-06,2027-06,XGBoost,lower_95,72.95037078857422
2026-07-13T00:52:32,Site L,2026-06,2027-06,XGBoost,upper_95,77.3639907836914
2026-07-13T03:12:50,Site B,2026-06,2026-07,ML (Ensemble RF+GBR),forecast_flowrate,17.58106387614265
2026-07-13T03:12:50,Site B,2026-06,2026-07,ML (Ensemble RF+GBR),lower_95,11.625858356847624
2026-07-13T03:12:50,Site B,2026-06,2026-07,ML (Ensemble RF+GBR),upper_95,23.53626939543768
2026-07-13T03:12:50,Site B,2026-06,2026-08,ML (Ensemble RF+GBR),forecast_flowrate,17.153409604417345
2026-07-13T03:12:50,Site B,2026-06,2026-08,ML (Ensemble RF+GBR),lower_95,11.198204085122317
2026-07-13T03:12:50,Site B,2026-06,2026-08,ML (Ensemble RF+GBR),upper_95,23.10861512371237
2026-07-13T03:12:50,Site B,2026-06,2026-09,ML (Ensemble RF+GBR),forecast_flowrate,16.238312006461246
2026-07-13T03:12:50,Site B,2026-06,2026-09,ML (Ensemble RF+GBR),lower_95,10.28310648716622
2026-07-13T03:12:50,Site B,2026-06,2026-09,ML (Ensemble RF+GBR),upper_95,22.19351752575628
2026-07-13T03:12:50,Site B,2026-06,2026-10,ML (Ensemble RF+GBR),forecast_flowrate,15.9139045646212
2026-07-13T03:12:50,Site B,2026-06,2026-10,ML (Ensemble RF+GBR),lower_95,9.958699045326174
2026-07-13T03:12:50,Site B,2026-06,2026-10,ML (Ensemble RF+GBR),upper_95,21.869110083916222
2026-07-13T03:12:50,Site B,2026-06,2026-11,ML (Ensemble RF+GBR),forecast_flowrate,17.64977023066514
2026-07-13T03:12:50,Site B,2026-06,2026-11,ML (Ensemble RF+GBR),lower_95,11.694564711370113
2026-07-13T03:12:50,Site B,2026-06,2026-11,ML (Ensemble RF+GBR),upper_95,23.60497574996017
2026-07-13T03:12:50,Site B,2026-06,2026-12,ML (Ensemble RF+GBR),forecast_flowrate,16.900132526682366
2026-07-13T03:12:50,Site B,2026-06,2026-12,ML (Ensemble RF+GBR),lower_95,10.94492700738734
2026-07-13T03:12:50,Site B,2026-06,2026-12,ML (Ensemble RF+GBR),upper_95,22.8553380459774
2026-07-13T03:43:30,Site B,2026-06,2026-07,XGBoost,forecast_flowrate,17.254426956176758
2026-07-13T03:43:30,Site B,2026-06,2026-07,XGBoost,lower_95,11.116336822509766
2026-07-13T03:43:30,Site B,2026-06,2026-07,XGBoost,upper_95,23.39251708984375
2026-07-13T03:43:30,Site B,2026-06,2026-08,XGBoost,forecast_flowrate,17.192110061645508
2026-07-13T03:43:30,Site B,2026-06,2026-08,XGBoost,lower_95,11.054019927978516
2026-07-13T03:43:30,Site B,2026-06,2026-08,XGBoost,upper_95,23.3302001953125
2026-07-13T03:43:30,Site B,2026-06,2026-09,XGBoost,forecast_flowrate,17.903289794921875
2026-07-13T03:43:30,Site B,2026-06,2026-09,XGBoost,lower_95,11.765199661254885
2026-07-13T03:43:30,Site B,2026-06,2026-09,XGBoost,upper_95,24.041379928588867
2026-07-13T03:43:30,Site B,2026-06,2026-10,XGBoost,forecast_flowrate,19.048215866088867
2026-07-13T03:43:30,Site B,2026-06,2026-10,XGBoost,lower_95,12.910125732421877
2026-07-13T03:43:30,Site B,2026-06,2026-10,XGBoost,upper_95,25.18630599975586
2026-07-13T03:43:30,Site B,2026-06,2026-11,XGBoost,forecast_flowrate,20.741111755371094
2026-07-13T03:43:30,Site B,2026-06,2026-11,XGBoost,lower_95,14.603021621704102
2026-07-13T03:43:30,Site B,2026-06,2026-11,XGBoost,upper_95,26.87920188903809
2026-07-13T03:43:30,Site B,2026-06,2026-12,XGBoost,forecast_flowrate,21.14021110534668
2026-07-13T03:43:30,Site B,2026-06,2026-12,XGBoost,lower_95,15.002120971679688
2026-07-13T03:43:30,Site B,2026-06,2026-12,XGBoost,upper_95,27.278301239013672
2026-07-13T03:43:30,Site B,2026-06,2027-01,XGBoost,forecast_flowrate,21.05025100708008
2026-07-13T03:43:30,Site B,2026-06,2027-01,XGBoost,lower_95,14.912160873413086
2026-07-13T03:43:30,Site B,2026-06,2027-01,XGBoost,upper_95,27.18834114074707
2026-07-13T03:43:30,Site B,2026-06,2027-02,XGBoost,forecast_flowrate,21.1191635131836
2026-07-13T03:43:30,Site B,2026-06,2027-02,XGBoost,lower_95,14.981073379516602
2026-07-13T03:43:30,Site B,2026-06,2027-02,XGBoost,upper_95,27.257253646850582
2026-07-13T03:43:30,Site B,2026-06,2027-03,XGBoost,forecast_flowrate,21.10563468933105
2026-07-13T03:43:30,Site B,2026-06,2027-03,XGBoost,lower_95,14.967544555664062
2026-07-13T03:43:30,Site B,2026-06,2027-03,XGBoost,upper_95,27.243724822998047
2026-07-13T03:43:30,Site B,2026-06,2027-04,XGBoost,forecast_flowrate,21.134031295776367
2026-07-13T03:43:30,Site B,2026-06,2027-04,XGBoost,lower_95,14.995941162109377
2026-07-13T03:43:30,Site B,2026-06,2027-04,XGBoost,upper_95,27.27212142944336
2026-07-13T03:43:30,Site B,2026-06,2027-05,XGBoost,forecast_flowrate,21.134031295776367
2026-07-13T03:43:30,Site B,2026-06,2027-05,XGBoost,lower_95,14.995941162109377
2026-07-13T03:43:30,Site B,2026-06,2027-05,XGBoost,upper_95,27.27212142944336
2026-07-13T03:43:30,Site B,2026-06,2027-06,XGBoost,forecast_flowrate,21.356143951416016
2026-07-13T03:43:30,Site B,2026-06,2027-06,XGBoost,lower_95,15.218053817749023
2026-07-13T03:43:30,Site B,2026-06,2027-06,XGBoost,upper_95,27.494234085083008
2026-07-13T03:50:00,Site T,2026-06,2026-07,XGBoost,forecast_flowrate,11.799077987670898
2026-07-13T03:50:00,Site T,2026-06,2026-07,XGBoost,lower_95,9.81116771697998
2026-07-13T03:50:00,Site T,2026-06,2026-07,XGBoost,upper_95,13.786988258361816
2026-07-13T03:50:00,Site T,2026-06,2026-08,XGBoost,forecast_flowrate,11.601570129394531
2026-07-13T03:50:00,Site T,2026-06,2026-08,XGBoost,lower_95,9.613659858703612
2026-07-13T03:50:00,Site T,2026-06,2026-08,XGBoost,upper_95,13.58948040008545
2026-07-13T03:50:00,Site T,2026-06,2026-09,XGBoost,forecast_flowrate,10.729257583618164
2026-07-13T03:50:00,Site T,2026-06,2026-09,XGBoost,lower_95,8.741347312927246
2026-07-13T03:50:00,Site T,2026-06,2026-09,XGBoost,upper_95,12.717167854309082
2026-07-13T03:50:00,Site T,2026-06,2026-10,XGBoost,forecast_flowrate,11.024601936340332
2026-07-13T03:50:00,Site T,2026-06,2026-10,XGBoost,lower_95,9.036691665649414
2026-07-13T03:50:00,Site T,2026-06,2026-10,XGBoost,upper_95,13.01251220703125
2026-07-13T03:50:00,Site T,2026-06,2026-11,XGBoost,forecast_flowrate,11.170316696166992
2026-07-13T03:50:00,Site T,2026-06,2026-11,XGBoost,lower_95,9.182406425476074
2026-07-13T03:50:00,Site T,2026-06,2026-11,XGBoost,upper_95,13.15822696685791
2026-07-13T03:50:00,Site T,2026-06,2026-12,XGBoost,forecast_flowrate,10.365753173828123
2026-07-13T03:50:00,Site T,2026-06,2026-12,XGBoost,lower_95,8.377842903137207
2026-07-13T03:50:00,Site T,2026-06,2026-12,XGBoost,upper_95,12.353663444519045
2026-07-13T03:52:35,Site L,2026-06,2026-07,SARIMAX,forecast_flowrate,81.1873162655353
2026-07-13T03:52:35,Site L,2026-06,2026-07,SARIMAX,lower_95,77.41738679716325
2026-07-13T03:52:35,Site L,2026-06,2026-07,SARIMAX,upper_95,84.95724573390736
2026-07-13T03:52:35,Site L,2026-06,2026-08,SARIMAX,forecast_flowrate,80.10091512117984
2026-07-13T03:52:35,Site L,2026-06,2026-08,SARIMAX,lower_95,75.43889170397112
2026-07-13T03:52:35,Site L,2026-06,2026-08,SARIMAX,upper_95,84.76293853838855
2026-07-13T03:58:56,Site K,2026-06,2026-07,XGBoost,forecast_flowrate,136.441650390625
2026-07-13T03:58:56,Site K,2026-06,2026-07,XGBoost,lower_95,131.5367431640625
2026-07-13T03:58:56,Site K,2026-06,2026-07,XGBoost,upper_95,141.3465576171875
2026-07-13T03:58:56,Site K,2026-06,2026-08,XGBoost,forecast_flowrate,131.2042999267578
2026-07-13T03:58:56,Site K,2026-06,2026-08,XGBoost,lower_95,126.29940032958984
2026-07-13T03:58:56,Site K,2026-06,2026-08,XGBoost,upper_95,136.1092071533203
2026-07-13T03:58:56,Site K,2026-06,2026-09,XGBoost,forecast_flowrate,129.0607452392578
2026-07-13T03:58:56,Site K,2026-06,2026-09,XGBoost,lower_95,124.15584564208984
2026-07-13T03:58:56,Site K,2026-06,2026-09,XGBoost,upper_95,133.9656524658203
2026-07-13T03:58:56,Site K,2026-06,2026-10,XGBoost,forecast_flowrate,125.0316925048828
2026-07-13T03:58:56,Site K,2026-06,2026-10,XGBoost,lower_95,120.12679290771484
2026-07-13T03:58:56,Site K,2026-06,2026-10,XGBoost,upper_95,129.9365997314453
2026-07-13T03:58:56,Site K,2026-06,2026-11,XGBoost,forecast_flowrate,123.6798858642578
2026-07-13T03:58:56,Site K,2026-06,2026-11,XGBoost,lower_95,118.77498626708984
2026-07-13T03:58:56,Site K,2026-06,2026-11,XGBoost,upper_95,128.5847930908203
2026-07-13T03:58:56,Site K,2026-06,2026-12,XGBoost,forecast_flowrate,121.71015167236328
2026-07-13T03:58:56,Site K,2026-06,2026-12,XGBoost,lower_95,116.80525207519533
2026-07-13T03:58:56,Site K,2026-06,2026-12,XGBoost,upper_95,126.61505126953124
2026-07-13T04:17:46,Site S,2026-06,2026-07,XGBoost,forecast_flowrate,62.34621810913086
2026-07-13T04:17:46,Site S,2026-06,2026-07,XGBoost,lower_95,61.6089096069336
2026-07-13T04:17:46,Site S,2026-06,2026-07,XGBoost,upper_95,63.083526611328125
2026-07-13T04:17:46,Site S,2026-06,2026-08,XGBoost,forecast_flowrate,62.74242782592773
2026-07-13T04:17:46,Site S,2026-06,2026-08,XGBoost,lower_95,62.00511932373047
2026-07-13T04:17:46,Site S,2026-06,2026-08,XGBoost,upper_95,63.479736328125
2026-07-13T04:17:46,Site S,2026-06,2026-09,XGBoost,forecast_flowrate,62.74242782592773
2026-07-13T04:17:46,Site S,2026-06,2026-09,XGBoost,lower_95,62.00511932373047
2026-07-13T04:17:46,Site S,2026-06,2026-09,XGBoost,upper_95,63.479736328125
2026-07-13T04:17:46,Site S,2026-06,2026-10,XGBoost,forecast_flowrate,62.74242782592773
2026-07-13T04:17:46,Site S,2026-06,2026-10,XGBoost,lower_95,62.00511932373047
2026-07-13T04:17:46,Site S,2026-06,2026-10,XGBoost,upper_95,63.479736328125
2026-07-13T04:17:46,Site S,2026-06,2026-11,XGBoost,forecast_flowrate,62.377471923828125
2026-07-13T04:17:46,Site S,2026-06,2026-11,XGBoost,lower_95,61.64016342163086
2026-07-13T04:17:46,Site S,2026-06,2026-11,XGBoost,upper_95,63.11478042602539
2026-07-13T04:17:46,Site S,2026-06,2026-12,XGBoost,forecast_flowrate,61.99331665039063
2026-07-13T04:17:46,Site S,2026-06,2026-12,XGBoost,lower_95,61.25600814819336
2026-07-13T04:17:46,Site S,2026-06,2026-12,XGBoost,upper_95,62.73062515258789
2026-07-13T04:36:24,Site KL,2026-06,2026-07,XGBoost,forecast_flowrate,73.31828308105469
2026-07-13T04:36:24,Site KL,2026-06,2026-07,XGBoost,lower_95,69.96038055419922
2026-07-13T04:36:24,Site KL,2026-06,2026-07,XGBoost,upper_95,76.67618560791016
2026-07-13T04:36:24,Site KL,2026-06,2026-08,XGBoost,forecast_flowrate,71.72498321533203
2026-07-13T04:36:24,Site KL,2026-06,2026-08,XGBoost,lower_95,68.36708068847656
2026-07-13T04:36:24,Site KL,2026-06,2026-08,XGBoost,upper_95,75.0828857421875
2026-07-13T04:36:24,Site KL,2026-06,2026-09,XGBoost,forecast_flowrate,69.47828674316406
2026-07-13T04:36:24,Site KL,2026-06,2026-09,XGBoost,lower_95,66.1203842163086
2026-07-13T04:36:24,Site KL,2026-06,2026-09,XGBoost,upper_95,72.83618927001953
2026-07-13T04:36:24,Site KL,2026-06,2026-10,XGBoost,forecast_flowrate,69.28826141357422
2026-07-13T04:36:24,Site KL,2026-06,2026-10,XGBoost,lower_95,65.93035888671875
2026-07-13T04:36:24,Site KL,2026-06,2026-10,XGBoost,upper_95,72.64616394042969
2026-07-13T04:36:24,Site KL,2026-06,2026-11,XGBoost,forecast_flowrate,71.73724365234375
2026-07-13T04:36:24,Site KL,2026-06,2026-11,XGBoost,lower_95,68.37934112548828
2026-07-13T04:36:24,Site KL,2026-06,2026-11,XGBoost,upper_95,75.09514617919922
2026-07-13T04:36:24,Site KL,2026-06,2026-12,XGBoost,forecast_flowrate,73.20608520507812
2026-07-13T04:36:24,Site KL,2026-06,2026-12,XGBoost,lower_95,69.84818267822266
2026-07-13T04:36:24,Site KL,2026-06,2026-12,XGBoost,upper_95,76.5639877319336
2026-07-13T04:37:56,Site M,2026-06,2026-07,XGBoost,forecast_flowrate,7.687983989715576
2026-07-13T04:37:56,Site M,2026-06,2026-07,XGBoost,lower_95,6.415895462036133
2026-07-13T04:37:56,Site M,2026-06,2026-07,XGBoost,upper_95,8.96007251739502
2026-07-13T04:37:56,Site M,2026-06,2026-08,XGBoost,forecast_flowrate,7.728970527648926
2026-07-13T04:37:56,Site M,2026-06,2026-08,XGBoost,lower_95,6.456881999969482
2026-07-13T04:37:56,Site M,2026-06,2026-08,XGBoost,upper_95,9.001058578491211
2026-07-13T04:37:56,Site M,2026-06,2026-09,XGBoost,forecast_flowrate,7.532770156860352
2026-07-13T04:37:56,Site M,2026-06,2026-09,XGBoost,lower_95,6.260681629180908
2026-07-13T04:37:56,Site M,2026-06,2026-09,XGBoost,upper_95,8.804859161376953
2026-07-13T04:37:56,Site M,2026-06,2026-10,XGBoost,forecast_flowrate,7.605708599090576
2026-07-13T04:37:56,Site M,2026-06,2026-10,XGBoost,lower_95,6.333620071411133
2026-07-13T04:37:56,Site M,2026-06,2026-10,XGBoost,upper_95,8.87779712677002
2026-07-13T04:37:56,Site M,2026-06,2026-11,XGBoost,forecast_flowrate,7.228169918060303
2026-07-13T04:37:56,Site M,2026-06,2026-11,XGBoost,lower_95,5.956081390380859
2026-07-13T04:37:56,Site M,2026-06,2026-11,XGBoost,upper_95,8.500258445739746
2026-07-13T04:37:56,Site M,2026-06,2026-12,XGBoost,forecast_flowrate,7.18951416015625
2026-07-13T04:37:56,Site M,2026-06,2026-12,XGBoost,lower_95,5.917425632476807
2026-07-13T04:37:56,Site M,2026-06,2026-12,XGBoost,upper_95,8.461603164672852
2026-07-13T04:40:42,Site B,2026-06,2026-07,XGBoost,forecast_flowrate,17.254426956176758
2026-07-13T04:40:42,Site B,2026-06,2026-07,XGBoost,lower_95,11.116336822509766
2026-07-13T04:40:42,Site B,2026-06,2026-07,XGBoost,upper_95,23.39251708984375
2026-07-13T04:40:42,Site B,2026-06,2026-08,XGBoost,forecast_flowrate,17.192110061645508
2026-07-13T04:40:42,Site B,2026-06,2026-08,XGBoost,lower_95,11.054019927978516
2026-07-13T04:40:42,Site B,2026-06,2026-08,XGBoost,upper_95,23.3302001953125
2026-07-13T04:40:42,Site B,2026-06,2026-09,XGBoost,forecast_flowrate,17.903289794921875
2026-07-13T04:40:42,Site B,2026-06,2026-09,XGBoost,lower_95,11.765199661254885
2026-07-13T04:40:42,Site B,2026-06,2026-09,XGBoost,upper_95,24.041379928588867
2026-07-13T04:40:42,Site B,2026-06,2026-10,XGBoost,forecast_flowrate,19.048215866088867
2026-07-13T04:40:42,Site B,2026-06,2026-10,XGBoost,lower_95,12.910125732421877
2026-07-13T04:40:42,Site B,2026-06,2026-10,XGBoost,upper_95,25.18630599975586
2026-07-13T04:40:42,Site B,2026-06,2026-11,XGBoost,forecast_flowrate,20.741111755371094
2026-07-13T04:40:42,Site B,2026-06,2026-11,XGBoost,lower_95,14.603021621704102
2026-07-13T04:40:42,Site B,2026-06,2026-11,XGBoost,upper_95,26.87920188903809
2026-07-13T04:40:42,Site B,2026-06,2026-12,XGBoost,forecast_flowrate,21.14021110534668
2026-07-13T04:40:42,Site B,2026-06,2026-12,XGBoost,lower_95,15.002120971679688
2026-07-13T04:40:42,Site B,2026-06,2026-12,XGBoost,upper_95,27.278301239013672
2026-07-13T08:07:58,Site K,2026-06,2026-07,XGBoost,forecast_flowrate,138.0462188720703
2026-07-13T08:07:58,Site K,2026-06,2026-07,XGBoost,lower_95,133.1413116455078
2026-07-13T08:07:58,Site K,2026-06,2026-07,XGBoost,upper_95,142.9511260986328
2026-07-13T08:07:58,Site K,2026-06,2026-08,XGBoost,forecast_flowrate,136.3219451904297
2026-07-13T08:07:58,Site K,2026-06,2026-08,XGBoost,lower_95,131.4170379638672
2026-07-13T08:07:58,Site K,2026-06,2026-08,XGBoost,upper_95,141.2268524169922
2026-07-13T08:07:58,Site K,2026-06,2026-09,XGBoost,forecast_flowrate,131.5772247314453
2026-07-13T08:07:58,Site K,2026-06,2026-09,XGBoost,lower_95,126.67232513427734
2026-07-13T08:07:58,Site K,2026-06,2026-09,XGBoost,upper_95,136.4821319580078
2026-07-13T08:07:58,Site K,2026-06,2026-10,XGBoost,forecast_flowrate,130.40811157226562
2026-07-13T08:07:58,Site K,2026-06,2026-10,XGBoost,lower_95,125.50321197509766
2026-07-13T08:07:58,Site K,2026-06,2026-10,XGBoost,upper_95,135.31301879882812
2026-07-13T08:07:58,Site K,2026-06,2026-11,XGBoost,forecast_flowrate,125.3435287475586
2026-07-13T08:07:58,Site K,2026-06,2026-11,XGBoost,lower_95,120.43862915039062
2026-07-13T08:07:58,Site K,2026-06,2026-11,XGBoost,upper_95,130.24842834472656
2026-07-13T08:07:58,Site K,2026-06,2026-12,XGBoost,forecast_flowrate,123.90362548828124
2026-07-13T08:07:58,Site K,2026-06,2026-12,XGBoost,lower_95,118.99872589111328
2026-07-13T08:07:58,Site K,2026-06,2026-12,XGBoost,upper_95,128.80853271484375
2026-07-15T03:26:50,Site L,2026-06,2026-07,XGBoost,forecast_flowrate,79.49041748046875
2026-07-15T03:26:50,Site L,2026-06,2026-07,XGBoost,lower_95,77.28360748291016
2026-07-15T03:26:50,Site L,2026-06,2026-07,XGBoost,upper_95,81.69722747802734
2026-07-15T03:26:50,Site L,2026-06,2026-08,XGBoost,forecast_flowrate,77.6449966430664
2026-07-15T03:26:50,Site L,2026-06,2026-08,XGBoost,lower_95,75.43818664550781
2026-07-15T03:26:50,Site L,2026-06,2026-08,XGBoost,upper_95,79.851806640625
2026-07-15T03:26:50,Site L,2026-06,2026-09,XGBoost,forecast_flowrate,76.99906158447266
2026-07-15T03:26:50,Site L,2026-06,2026-09,XGBoost,lower_95,74.79225158691406
2026-07-15T03:26:50,Site L,2026-06,2026-09,XGBoost,upper_95,79.20587158203125
2026-07-15T03:26:50,Site L,2026-06,2026-10,XGBoost,forecast_flowrate,76.72491455078125
2026-07-15T03:26:50,Site L,2026-06,2026-10,XGBoost,lower_95,74.51810455322266
2026-07-15T03:26:50,Site L,2026-06,2026-10,XGBoost,upper_95,78.93172454833984
2026-07-15T03:26:50,Site L,2026-06,2026-11,XGBoost,forecast_flowrate,76.00404357910156
2026-07-15T03:26:50,Site L,2026-06,2026-11,XGBoost,lower_95,73.79723358154297
2026-07-15T03:26:50,Site L,2026-06,2026-11,XGBoost,upper_95,78.21085357666016
2026-07-15T03:26:50,Site L,2026-06,2026-12,XGBoost,forecast_flowrate,74.23109436035156
2026-07-15T03:26:50,Site L,2026-06,2026-12,XGBoost,lower_95,72.02428436279297
2026-07-15T03:26:50,Site L,2026-06,2026-12,XGBoost,upper_95,76.43790435791016
2026-07-15T03:27:06,Site L,2026-06,2026-07,XGBoost,forecast_flowrate,79.60585021972656
2026-07-15T03:27:06,Site L,2026-06,2026-07,XGBoost,lower_95,77.39904022216797
2026-07-15T03:27:06,Site L,2026-06,2026-07,XGBoost,upper_95,81.81266021728516
2026-07-15T03:27:06,Site L,2026-06,2026-08,XGBoost,forecast_flowrate,77.5635757446289
2026-07-15T03:27:06,Site L,2026-06,2026-08,XGBoost,lower_95,75.35676574707031
2026-07-15T03:27:06,Site L,2026-06,2026-08,XGBoost,upper_95,79.7703857421875
2026-07-15T03:27:06,Site L,2026-06,2026-09,XGBoost,forecast_flowrate,76.74433135986328
2026-07-15T03:27:06,Site L,2026-06,2026-09,XGBoost,lower_95,74.53752136230469
2026-07-15T03:27:06,Site L,2026-06,2026-09,XGBoost,upper_95,78.95114135742188
2026-07-15T03:27:06,Site L,2026-06,2026-10,XGBoost,forecast_flowrate,75.8453140258789
2026-07-15T03:27:06,Site L,2026-06,2026-10,XGBoost,lower_95,73.63850402832031
2026-07-15T03:27:06,Site L,2026-06,2026-10,XGBoost,upper_95,78.0521240234375
2026-07-15T03:27:06,Site L,2026-06,2026-11,XGBoost,forecast_flowrate,74.31343841552734
2026-07-15T03:27:06,Site L,2026-06,2026-11,XGBoost,lower_95,72.10662841796875
2026-07-15T03:27:06,Site L,2026-06,2026-11,XGBoost,upper_95,76.52024841308594
2026-07-15T03:27:06,Site L,2026-06,2026-12,XGBoost,forecast_flowrate,73.96783447265625
2026-07-15T03:27:06,Site L,2026-06,2026-12,XGBoost,lower_95,71.76102447509766
2026-07-15T03:27:06,Site L,2026-06,2026-12,XGBoost,upper_95,76.17464447021484
2026-07-15T03:27:27,Site L,2026-06,2026-07,SARIMAX,forecast_flowrate,81.1873162655353
2026-07-15T03:27:27,Site L,2026-06,2026-07,SARIMAX,lower_95,77.41738679716325
2026-07-15T03:27:27,Site L,2026-06,2026-07,SARIMAX,upper_95,84.95724573390736
2026-07-15T03:27:27,Site L,2026-06,2026-08,SARIMAX,forecast_flowrate,80.10091512117984
2026-07-15T03:27:27,Site L,2026-06,2026-08,SARIMAX,lower_95,75.43889170397112
2026-07-15T03:27:27,Site L,2026-06,2026-08,SARIMAX,upper_95,84.76293853838855
2026-07-15T03:27:27,Site L,2026-06,2026-09,SARIMAX,forecast_flowrate,80.6517239157149
2026-07-15T03:27:27,Site L,2026-06,2026-09,SARIMAX,lower_95,75.55213273492492
2026-07-15T03:27:27,Site L,2026-06,2026-09,SARIMAX,upper_95,85.75131509650487
2026-07-15T03:27:27,Site L,2026-06,2026-10,SARIMAX,forecast_flowrate,79.33958070367507
2026-07-15T03:27:27,Site L,2026-06,2026-10,SARIMAX,lower_95,73.98108200697708
2026-07-15T03:27:27,Site L,2026-06,2026-10,SARIMAX,upper_95,84.69807940037306
2026-07-15T03:27:27,Site L,2026-06,2026-11,SARIMAX,forecast_flowrate,79.84791872167636
2026-07-15T03:27:27,Site L,2026-06,2026-11,SARIMAX,lower_95,74.31773252022424
2026-07-15T03:27:27,Site L,2026-06,2026-11,SARIMAX,upper_95,85.37810492312849
2026-07-15T03:27:27,Site L,2026-06,2026-12,SARIMAX,forecast_flowrate,80.40726540097191
2026-07-15T03:27:27,Site L,2026-06,2026-12,SARIMAX,lower_95,74.75192951832763
2026-07-15T03:27:27,Site L,2026-06,2026-12,SARIMAX,upper_95,86.06260128361619
2026-07-15T03:29:42,Site K,2026-06,2026-07,XGBoost,forecast_flowrate,136.441650390625
2026-07-15T03:29:42,Site K,2026-06,2026-07,XGBoost,lower_95,131.5367431640625
2026-07-15T03:29:42,Site K,2026-06,2026-07,XGBoost,upper_95,141.3465576171875
2026-07-15T03:29:42,Site K,2026-06,2026-08,XGBoost,forecast_flowrate,131.2042999267578
2026-07-15T03:29:42,Site K,2026-06,2026-08,XGBoost,lower_95,126.29940032958984
2026-07-15T03:29:42,Site K,2026-06,2026-08,XGBoost,upper_95,136.1092071533203
2026-07-15T03:29:42,Site K,2026-06,2026-09,XGBoost,forecast_flowrate,129.0607452392578
2026-07-15T03:29:42,Site K,2026-06,2026-09,XGBoost,lower_95,124.15584564208984
2026-07-15T03:29:42,Site K,2026-06,2026-09,XGBoost,upper_95,133.9656524658203
2026-07-15T03:29:42,Site K,2026-06,2026-10,XGBoost,forecast_flowrate,125.0316925048828
2026-07-15T03:29:42,Site K,2026-06,2026-10,XGBoost,lower_95,120.12679290771484
2026-07-15T03:29:42,Site K,2026-06,2026-10,XGBoost,upper_95,129.9365997314453
2026-07-15T03:29:42,Site K,2026-06,2026-11,XGBoost,forecast_flowrate,123.7683334350586
2026-07-15T03:29:42,Site K,2026-06,2026-11,XGBoost,lower_95,118.86343383789062
2026-07-15T03:29:42,Site K,2026-06,2026-11,XGBoost,upper_95,128.67323303222656
2026-07-15T03:29:42,Site K,2026-06,2026-12,XGBoost,forecast_flowrate,121.83189392089844
2026-07-15T03:29:42,Site K,2026-06,2026-12,XGBoost,lower_95,116.92699432373048
2026-07-15T03:29:42,Site K,2026-06,2026-12,XGBoost,upper_95,126.7367935180664
2026-07-15T03:30:50,Site M,2026-06,2026-07,XGBoost,forecast_flowrate,7.687983989715576
2026-07-15T03:30:50,Site M,2026-06,2026-07,XGBoost,lower_95,6.415895462036133
2026-07-15T03:30:50,Site M,2026-06,2026-07,XGBoost,upper_95,8.96007251739502
2026-07-15T03:30:50,Site M,2026-06,2026-08,XGBoost,forecast_flowrate,7.728970527648926
2026-07-15T03:30:50,Site M,2026-06,2026-08,XGBoost,lower_95,6.456881999969482
2026-07-15T03:30:50,Site M,2026-06,2026-08,XGBoost,upper_95,9.001058578491211
2026-07-15T03:30:50,Site M,2026-06,2026-09,XGBoost,forecast_flowrate,7.532770156860352
2026-07-15T03:30:50,Site M,2026-06,2026-09,XGBoost,lower_95,6.260681629180908
2026-07-15T03:30:50,Site M,2026-06,2026-09,XGBoost,upper_95,8.804859161376953
2026-07-15T03:30:50,Site M,2026-06,2026-10,XGBoost,forecast_flowrate,7.605708599090576
2026-07-15T03:30:50,Site M,2026-06,2026-10,XGBoost,lower_95,6.333620071411133
2026-07-15T03:30:50,Site M,2026-06,2026-10,XGBoost,upper_95,8.87779712677002
2026-07-15T03:30:50,Site M,2026-06,2026-11,XGBoost,forecast_flowrate,7.24860143661499
2026-07-15T03:30:50,Site M,2026-06,2026-11,XGBoost,lower_95,5.976512908935547
2026-07-15T03:30:50,Site M,2026-06,2026-11,XGBoost,upper_95,8.520689964294434
2026-07-15T03:30:50,Site M,2026-06,2026-12,XGBoost,forecast_flowrate,7.20476770401001
2026-07-15T03:30:50,Site M,2026-06,2026-12,XGBoost,lower_95,5.932679176330566
2026-07-15T03:30:50,Site M,2026-06,2026-12,XGBoost,upper_95,8.476856231689453
2026-07-15T03:31:10,Site M,2026-06,2026-07,SARIMAX,forecast_flowrate,7.482055311719952
2026-07-15T03:31:10,Site M,2026-06,2026-07,SARIMAX,lower_95,-683116981.0051527
2026-07-15T03:31:10,Site M,2026-06,2026-07,SARIMAX,upper_95,683116995.9692633
2026-07-15T03:31:10,Site M,2026-06,2026-08,SARIMAX,forecast_flowrate,7.66968795746013
2026-07-15T03:31:10,Site M,2026-06,2026-08,SARIMAX,lower_95,-878200926.0719395
2026-07-15T03:31:10,Site M,2026-06,2026-08,SARIMAX,upper_95,878200941.4113154
2026-07-15T03:31:10,Site M,2026-06,2026-09,SARIMAX,forecast_flowrate,7.075322898844139
2026-07-15T03:31:10,Site M,2026-06,2026-09,SARIMAX,lower_95,-978882273.7102808
2026-07-15T03:31:10,Site M,2026-06,2026-09,SARIMAX,upper_95,978882287.8609264
2026-07-15T03:31:10,Site M,2026-06,2026-10,SARIMAX,forecast_flowrate,6.767965663557552
2026-07-15T03:31:10,Site M,2026-06,2026-10,SARIMAX,lower_95,-1004142270.9944423
2026-07-15T03:31:10,Site M,2026-06,2026-10,SARIMAX,upper_95,1004142284.5303736
2026-07-15T03:31:10,Site M,2026-06,2026-11,SARIMAX,forecast_flowrate,6.635788055051018
2026-07-15T03:31:10,Site M,2026-06,2026-11,SARIMAX,lower_95,-1009213817.6540178
2026-07-15T03:31:10,Site M,2026-06,2026-11,SARIMAX,upper_95,1009213830.925594
2026-07-15T03:31:10,Site M,2026-06,2026-12,SARIMAX,forecast_flowrate,8.377256171783767
2026-07-15T03:31:10,Site M,2026-06,2026-12,SARIMAX,lower_95,-1011241171.7172126
2026-07-15T03:31:10,Site M,2026-06,2026-12,SARIMAX,upper_95,1011241188.4717247
2026-07-15T03:31:34,Site M,2026-06,2026-07,ML (Ensemble RF+GBR),forecast_flowrate,7.901205513315551
2026-07-15T03:31:34,Site M,2026-06,2026-07,ML (Ensemble RF+GBR),lower_95,6.596011158133804
2026-07-15T03:31:34,Site M,2026-06,2026-07,ML (Ensemble RF+GBR),upper_95,9.206399868497298
2026-07-15T03:31:34,Site M,2026-06,2026-08,ML (Ensemble RF+GBR),forecast_flowrate,7.879577201607586
2026-07-15T03:31:34,Site M,2026-06,2026-08,ML (Ensemble RF+GBR),lower_95,6.574382846425839
2026-07-15T03:31:34,Site M,2026-06,2026-08,ML (Ensemble RF+GBR),upper_95,9.184771556789332
2026-07-15T03:31:34,Site M,2026-06,2026-09,ML (Ensemble RF+GBR),forecast_flowrate,7.655703964423232
2026-07-15T03:31:34,Site M,2026-06,2026-09,ML (Ensemble RF+GBR),lower_95,6.3505096092414846
2026-07-15T03:31:34,Site M,2026-06,2026-09,ML (Ensemble RF+GBR),upper_95,8.96089831960498
2026-07-15T03:31:34,Site M,2026-06,2026-10,ML (Ensemble RF+GBR),forecast_flowrate,7.516727156104551
2026-07-15T03:31:34,Site M,2026-06,2026-10,ML (Ensemble RF+GBR),lower_95,6.211532800922804
2026-07-15T03:31:34,Site M,2026-06,2026-10,ML (Ensemble RF+GBR),upper_95,8.821921511286298
2026-07-15T03:31:34,Site M,2026-06,2026-11,ML (Ensemble RF+GBR),forecast_flowrate,7.25724368809322
2026-07-15T03:31:34,Site M,2026-06,2026-11,ML (Ensemble RF+GBR),lower_95,5.952049332911473
2026-07-15T03:31:34,Site M,2026-06,2026-11,ML (Ensemble RF+GBR),upper_95,8.562438043274968
2026-07-15T03:31:34,Site M,2026-06,2026-12,ML (Ensemble RF+GBR),forecast_flowrate,7.042607816814975
2026-07-15T03:31:34,Site M,2026-06,2026-12,ML (Ensemble RF+GBR),lower_95,5.737413461633228
2026-07-15T03:31:34,Site M,2026-06,2026-12,ML (Ensemble RF+GBR),upper_95,8.347802171996722
2026-07-15T09:01:36,Site L,2026-06,2026-07,XGBoost,forecast_flowrate,79.60585021972656
2026-07-15T09:01:36,Site L,2026-06,2026-07,XGBoost,lower_95,77.39904022216797
2026-07-15T09:01:36,Site L,2026-06,2026-07,XGBoost,upper_95,81.81266021728516
2026-07-15T09:01:36,Site L,2026-06,2026-08,XGBoost,forecast_flowrate,77.5635757446289
2026-07-15T09:01:36,Site L,2026-06,2026-08,XGBoost,lower_95,75.35676574707031
2026-07-15T09:01:36,Site L,2026-06,2026-08,XGBoost,upper_95,79.7703857421875
2026-07-15T09:01:36,Site L,2026-06,2026-09,XGBoost,forecast_flowrate,76.74433135986328
2026-07-15T09:01:36,Site L,2026-06,2026-09,XGBoost,lower_95,74.53752136230469
2026-07-15T09:01:36,Site L,2026-06,2026-09,XGBoost,upper_95,78.95114135742188
2026-07-15T09:01:36,Site L,2026-06,2026-10,XGBoost,forecast_flowrate,75.8453140258789
2026-07-15T09:01:36,Site L,2026-06,2026-10,XGBoost,lower_95,73.63850402832031
2026-07-15T09:01:36,Site L,2026-06,2026-10,XGBoost,upper_95,78.0521240234375
2026-07-15T09:01:36,Site L,2026-06,2026-11,XGBoost,forecast_flowrate,74.51702117919922
2026-07-15T09:01:36,Site L,2026-06,2026-11,XGBoost,lower_95,72.31021118164062
2026-07-15T09:01:36,Site L,2026-06,2026-11,XGBoost,upper_95,76.72383117675781
2026-07-15T09:01:36,Site L,2026-06,2026-12,XGBoost,forecast_flowrate,74.07257080078125
2026-07-15T09:01:36,Site L,2026-06,2026-12,XGBoost,lower_95,71.86576080322266
2026-07-15T09:01:36,Site L,2026-06,2026-12,XGBoost,upper_95,76.27938079833984
2026-07-15T09:01:36,Site L,2026-06,2027-01,XGBoost,forecast_flowrate,74.86622619628906
2026-07-15T09:01:36,Site L,2026-06,2027-01,XGBoost,lower_95,72.65941619873047
2026-07-15T09:01:36,Site L,2026-06,2027-01,XGBoost,upper_95,77.07303619384766
2026-07-15T09:01:36,Site L,2026-06,2027-02,XGBoost,forecast_flowrate,75.4050064086914
2026-07-15T09:01:36,Site L,2026-06,2027-02,XGBoost,lower_95,73.19819641113281
2026-07-15T09:01:36,Site L,2026-06,2027-02,XGBoost,upper_95,77.61181640625
2026-07-15T09:01:36,Site L,2026-06,2027-03,XGBoost,forecast_flowrate,76.02363586425781
2026-07-15T09:01:36,Site L,2026-06,2027-03,XGBoost,lower_95,73.81682586669922
2026-07-15T09:01:36,Site L,2026-06,2027-03,XGBoost,upper_95,78.2304458618164
2026-07-15T09:01:36,Site L,2026-06,2027-04,XGBoost,forecast_flowrate,75.88426208496094
2026-07-15T09:01:36,Site L,2026-06,2027-04,XGBoost,lower_95,73.67745208740234
2026-07-15T09:01:36,Site L,2026-06,2027-04,XGBoost,upper_95,78.09107208251953
2026-07-15T09:01:36,Site L,2026-06,2027-05,XGBoost,forecast_flowrate,75.63868713378906
2026-07-15T09:01:36,Site L,2026-06,2027-05,XGBoost,lower_95,73.43187713623047
2026-07-15T09:01:36,Site L,2026-06,2027-05,XGBoost,upper_95,77.84549713134766
2026-07-15T09:01:36,Site L,2026-06,2027-06,XGBoost,forecast_flowrate,75.15718078613281
2026-07-15T09:01:36,Site L,2026-06,2027-06,XGBoost,lower_95,72.95037078857422
2026-07-15T09:01:36,Site L,2026-06,2027-06,XGBoost,upper_95,77.3639907836914
2026-07-15T09:01:36,Site L,2026-06,2027-07,XGBoost,forecast_flowrate,75.37670135498047
2026-07-15T09:01:36,Site L,2026-06,2027-07,XGBoost,lower_95,73.16989135742188
2026-07-15T09:01:36,Site L,2026-06,2027-07,XGBoost,upper_95,77.58351135253906
2026-07-15T09:01:36,Site L,2026-06,2027-08,XGBoost,forecast_flowrate,75.18541717529297
2026-07-15T09:01:36,Site L,2026-06,2027-08,XGBoost,lower_95,72.97860717773438
2026-07-15T09:01:36,Site L,2026-06,2027-08,XGBoost,upper_95,77.39222717285156
2026-07-15T09:01:36,Site L,2026-06,2027-09,XGBoost,forecast_flowrate,75.46916198730469
2026-07-15T09:01:36,Site L,2026-06,2027-09,XGBoost,lower_95,73.2623519897461
2026-07-15T09:01:36,Site L,2026-06,2027-09,XGBoost,upper_95,77.67597198486328
2026-07-15T09:07:47,Site K,2026-06,2026-07,XGBoost,forecast_flowrate,136.441650390625
2026-07-15T09:07:47,Site K,2026-06,2026-07,XGBoost,lower_95,131.5367431640625
2026-07-15T09:07:47,Site K,2026-06,2026-07,XGBoost,upper_95,141.3465576171875
2026-07-15T09:07:47,Site K,2026-06,2026-08,XGBoost,forecast_flowrate,131.2042999267578
2026-07-15T09:07:47,Site K,2026-06,2026-08,XGBoost,lower_95,126.29940032958984
2026-07-15T09:07:47,Site K,2026-06,2026-08,XGBoost,upper_95,136.1092071533203
2026-07-15T09:07:47,Site K,2026-06,2026-09,XGBoost,forecast_flowrate,129.0607452392578
2026-07-15T09:07:47,Site K,2026-06,2026-09,XGBoost,lower_95,124.15584564208984
2026-07-15T09:07:47,Site K,2026-06,2026-09,XGBoost,upper_95,133.9656524658203
2026-07-15T09:07:47,Site K,2026-06,2026-10,XGBoost,forecast_flowrate,125.0316925048828
2026-07-15T09:07:47,Site K,2026-06,2026-10,XGBoost,lower_95,120.12679290771484
2026-07-15T09:07:47,Site K,2026-06,2026-10,XGBoost,upper_95,129.9365997314453
2026-07-15T09:07:47,Site K,2026-06,2026-11,XGBoost,forecast_flowrate,123.6798858642578
2026-07-15T09:07:47,Site K,2026-06,2026-11,XGBoost,lower_95,118.77498626708984
2026-07-15T09:07:47,Site K,2026-06,2026-11,XGBoost,upper_95,128.5847930908203
2026-07-15T09:07:47,Site K,2026-06,2026-12,XGBoost,forecast_flowrate,121.71015167236328
2026-07-15T09:07:47,Site K,2026-06,2026-12,XGBoost,lower_95,116.80525207519533
2026-07-15T09:07:47,Site K,2026-06,2026-12,XGBoost,upper_95,126.61505126953124
2026-07-15T09:07:47,Site K,2026-06,2027-01,XGBoost,forecast_flowrate,122.71812438964844
2026-07-15T09:07:47,Site K,2026-06,2027-01,XGBoost,lower_95,117.81322479248048
2026-07-15T09:07:47,Site K,2026-06,2027-01,XGBoost,upper_95,127.6230239868164
2026-07-15T09:07:47,Site K,2026-06,2027-02,XGBoost,forecast_flowrate,125.16399383544922
2026-07-15T09:07:47,Site K,2026-06,2027-02,XGBoost,lower_95,120.25909423828124
2026-07-15T09:07:47,Site K,2026-06,2027-02,XGBoost,upper_95,130.0688934326172
2026-07-15T09:07:47,Site K,2026-06,2027-03,XGBoost,forecast_flowrate,128.80636596679688
2026-07-15T09:07:47,Site K,2026-06,2027-03,XGBoost,lower_95,123.9014663696289
2026-07-15T09:07:47,Site K,2026-06,2027-03,XGBoost,upper_95,133.71127319335938
2026-07-15T09:07:47,Site K,2026-06,2027-04,XGBoost,forecast_flowrate,130.12640380859375
2026-07-15T09:07:47,Site K,2026-06,2027-04,XGBoost,lower_95,125.22150421142578
2026-07-15T09:07:47,Site K,2026-06,2027-04,XGBoost,upper_95,135.03131103515625
2026-07-15T09:07:47,Site K,2026-06,2027-05,XGBoost,forecast_flowrate,131.99176025390625
2026-07-15T09:07:47,Site K,2026-06,2027-05,XGBoost,lower_95,127.08686065673828
2026-07-15T09:07:47,Site K,2026-06,2027-05,XGBoost,upper_95,136.89666748046875
2026-07-15T09:07:47,Site K,2026-06,2027-06,XGBoost,forecast_flowrate,134.84251403808594
2026-07-15T09:07:47,Site K,2026-06,2027-06,XGBoost,lower_95,129.93760681152344
2026-07-15T09:07:47,Site K,2026-06,2027-06,XGBoost,upper_95,139.74742126464844
2026-07-15T09:07:47,Site K,2026-06,2027-07,XGBoost,forecast_flowrate,134.13748168945312
2026-07-15T09:07:47,Site K,2026-06,2027-07,XGBoost,lower_95,129.23257446289062
2026-07-15T09:07:47,Site K,2026-06,2027-07,XGBoost,upper_95,139.04238891601562
2026-07-15T09:07:47,Site K,2026-06,2027-08,XGBoost,forecast_flowrate,130.97569274902344
2026-07-15T09:07:47,Site K,2026-06,2027-08,XGBoost,lower_95,126.07079315185548
2026-07-15T09:07:47,Site K,2026-06,2027-08,XGBoost,upper_95,135.88059997558594
2026-07-15T09:07:47,Site K,2026-06,2027-09,XGBoost,forecast_flowrate,126.49532318115234
2026-07-15T09:07:47,Site K,2026-06,2027-09,XGBoost,lower_95,121.59042358398438
2026-07-15T09:07:47,Site K,2026-06,2027-09,XGBoost,upper_95,131.4002227783203
2026-07-27T12:39:44,Site K,2026-06,2026-07,XGBoost,forecast_flowrate,136.441650390625
2026-07-27T12:39:44,Site K,2026-06,2026-07,XGBoost,lower_95,131.5367431640625
2026-07-27T12:39:44,Site K,2026-06,2026-07,XGBoost,upper_95,141.3465576171875
2026-07-27T12:39:44,Site K,2026-06,2026-08,XGBoost,forecast_flowrate,131.2042999267578
2026-07-27T12:39:44,Site K,2026-06,2026-08,XGBoost,lower_95,126.29940032958984
2026-07-27T12:39:44,Site K,2026-06,2026-08,XGBoost,upper_95,136.1092071533203
2026-07-27T12:39:44,Site K,2026-06,2026-09,XGBoost,forecast_flowrate,129.0607452392578
2026-07-27T12:39:44,Site K,2026-06,2026-09,XGBoost,lower_95,124.15584564208984
2026-07-27T12:39:44,Site K,2026-06,2026-09,XGBoost,upper_95,133.9656524658203
2026-07-27T12:39:44,Site K,2026-06,2026-10,XGBoost,forecast_flowrate,125.0316925048828
2026-07-27T12:39:44,Site K,2026-06,2026-10,XGBoost,lower_95,120.12679290771484
2026-07-27T12:39:44,Site K,2026-06,2026-10,XGBoost,upper_95,129.9365997314453
2026-07-27T12:39:44,Site K,2026-06,2026-11,XGBoost,forecast_flowrate,123.6798858642578
2026-07-27T12:39:44,Site K,2026-06,2026-11,XGBoost,lower_95,118.77498626708984
2026-07-27T12:39:44,Site K,2026-06,2026-11,XGBoost,upper_95,128.5847930908203
2026-07-27T12:39:44,Site K,2026-06,2026-12,XGBoost,forecast_flowrate,121.71015167236328
2026-07-27T12:39:44,Site K,2026-06,2026-12,XGBoost,lower_95,116.80525207519533
2026-07-27T12:39:44,Site K,2026-06,2026-12,XGBoost,upper_95,126.61505126953124
2026-07-27T12:43:23,Site K,2026-06,2026-07,ML (Ensemble RF+GBR),forecast_flowrate,137.72861686791867
2026-07-27T12:43:23,Site K,2026-06,2026-07,ML (Ensemble RF+GBR),lower_95,133.70046529530643
2026-07-27T12:43:23,Site K,2026-06,2026-07,ML (Ensemble RF+GBR),upper_95,141.75676844053092
2026-07-27T12:43:23,Site K,2026-06,2026-08,ML (Ensemble RF+GBR),forecast_flowrate,136.0160621646242
2026-07-27T12:43:23,Site K,2026-06,2026-08,ML (Ensemble RF+GBR),lower_95,131.98791059201196
2026-07-27T12:43:23,Site K,2026-06,2026-08,ML (Ensemble RF+GBR),upper_95,140.04421373723645
2026-07-27T12:43:23,Site K,2026-06,2026-09,ML (Ensemble RF+GBR),forecast_flowrate,130.64894558471235
2026-07-27T12:43:23,Site K,2026-06,2026-09,ML (Ensemble RF+GBR),lower_95,126.62079401210008
2026-07-27T12:43:23,Site K,2026-06,2026-09,ML (Ensemble RF+GBR),upper_95,134.6770971573246
2026-07-27T12:43:23,Site K,2026-06,2026-10,ML (Ensemble RF+GBR),forecast_flowrate,126.96764649327244
2026-07-27T12:43:23,Site K,2026-06,2026-10,ML (Ensemble RF+GBR),lower_95,122.93949492066018
2026-07-27T12:43:23,Site K,2026-06,2026-10,ML (Ensemble RF+GBR),upper_95,130.99579806588469
2026-07-27T12:43:23,Site K,2026-06,2026-11,ML (Ensemble RF+GBR),forecast_flowrate,125.6808690624105
2026-07-27T12:43:23,Site K,2026-06,2026-11,ML (Ensemble RF+GBR),lower_95,121.65271748979823
2026-07-27T12:43:23,Site K,2026-06,2026-11,ML (Ensemble RF+GBR),upper_95,129.70902063502274
2026-07-27T12:43:23,Site K,2026-06,2026-12,ML (Ensemble RF+GBR),forecast_flowrate,128.46844001161656
2026-07-27T12:43:23,Site K,2026-06,2026-12,ML (Ensemble RF+GBR),lower_95,124.4402884390043
2026-07-27T12:43:23,Site K,2026-06,2026-12,ML (Ensemble RF+GBR),upper_95,132.4965915842288
2026-07-27T12:44:50,Site K,2026-06,2026-07,SARIMAX,forecast_flowrate,142.15806465578905
2026-07-27T12:44:50,Site K,2026-06,2026-07,SARIMAX,lower_95,138.39251321372035
2026-07-27T12:44:50,Site K,2026-06,2026-07,SARIMAX,upper_95,145.92361609785775
2026-07-27T12:44:50,Site K,2026-06,2026-08,SARIMAX,forecast_flowrate,139.6538550953324
2026-07-27T12:44:50,Site K,2026-06,2026-08,SARIMAX,lower_95,132.61620564315277
2026-07-27T12:44:50,Site K,2026-06,2026-08,SARIMAX,upper_95,146.69150454751204
2026-07-27T12:44:50,Site K,2026-06,2026-09,SARIMAX,forecast_flowrate,135.64798797206618
2026-07-27T12:44:50,Site K,2026-06,2026-09,SARIMAX,lower_95,125.875911958547
2026-07-27T12:44:50,Site K,2026-06,2026-09,SARIMAX,upper_95,145.42006398558533
2026-07-27T12:44:50,Site K,2026-06,2026-10,SARIMAX,forecast_flowrate,133.8572704002368
2026-07-27T12:44:50,Site K,2026-06,2026-10,SARIMAX,lower_95,122.05099442554538
2026-07-27T12:44:50,Site K,2026-06,2026-10,SARIMAX,upper_95,145.66354637492825
2026-07-27T12:44:50,Site K,2026-06,2026-11,SARIMAX,forecast_flowrate,136.1618324692903
2026-07-27T12:44:50,Site K,2026-06,2026-11,SARIMAX,lower_95,122.98315882251777
2026-07-27T12:44:50,Site K,2026-06,2026-11,SARIMAX,upper_95,149.3405061160628
2026-07-27T12:44:50,Site K,2026-06,2026-12,SARIMAX,forecast_flowrate,136.83879116197767
2026-07-27T12:44:50,Site K,2026-06,2026-12,SARIMAX,lower_95,122.81120309185724
2026-07-27T12:44:50,Site K,2026-06,2026-12,SARIMAX,upper_95,150.8663792320981
2026-07-27T12:47:06,Site K,2026-06,2026-07,ML (Ensemble RF+GBR),forecast_flowrate,137.72861686791867
2026-07-27T12:47:06,Site K,2026-06,2026-07,ML (Ensemble RF+GBR),lower_95,133.70046529530643
2026-07-27T12:47:06,Site K,2026-06,2026-07,ML (Ensemble RF+GBR),upper_95,141.75676844053092
2026-07-27T12:47:06,Site K,2026-06,2026-08,ML (Ensemble RF+GBR),forecast_flowrate,136.0160621646242
2026-07-27T12:47:06,Site K,2026-06,2026-08,ML (Ensemble RF+GBR),lower_95,131.98791059201196
2026-07-27T12:47:06,Site K,2026-06,2026-08,ML (Ensemble RF+GBR),upper_95,140.04421373723645
2026-07-27T12:47:06,Site K,2026-06,2026-09,ML (Ensemble RF+GBR),forecast_flowrate,130.64894558471235
2026-07-27T12:47:06,Site K,2026-06,2026-09,ML (Ensemble RF+GBR),lower_95,126.62079401210008
2026-07-27T12:47:06,Site K,2026-06,2026-09,ML (Ensemble RF+GBR),upper_95,134.6770971573246
2026-07-27T12:47:06,Site K,2026-06,2026-10,ML (Ensemble RF+GBR),forecast_flowrate,126.96764649327244
2026-07-27T12:47:06,Site K,2026-06,2026-10,ML (Ensemble RF+GBR),lower_95,122.93949492066018
2026-07-27T12:47:06,Site K,2026-06,2026-10,ML (Ensemble RF+GBR),upper_95,130.99579806588469
2026-07-27T12:47:06,Site K,2026-06,2026-11,ML (Ensemble RF+GBR),forecast_flowrate,125.6808690624105
2026-07-27T12:47:06,Site K,2026-06,2026-11,ML (Ensemble RF+GBR),lower_95,121.65271748979823
2026-07-27T12:47:06,Site K,2026-06,2026-11,ML (Ensemble RF+GBR),upper_95,129.70902063502274
2026-07-27T12:47:06,Site K,2026-06,2026-12,ML (Ensemble RF+GBR),forecast_flowrate,128.46844001161656
2026-07-27T12:47:06,Site K,2026-06,2026-12,ML (Ensemble RF+GBR),lower_95,124.4402884390043
2026-07-27T12:47:06,Site K,2026-06,2026-12,ML (Ensemble RF+GBR),upper_95,132.4965915842288
2026-07-27T12:47:14,Site K,2026-06,2026-07,XGBoost,forecast_flowrate,136.441650390625
2026-07-27T12:47:14,Site K,2026-06,2026-07,XGBoost,lower_95,131.5367431640625
2026-07-27T12:47:14,Site K,2026-06,2026-07,XGBoost,upper_95,141.3465576171875
2026-07-27T12:47:14,Site K,2026-06,2026-08,XGBoost,forecast_flowrate,131.2042999267578
2026-07-27T12:47:14,Site K,2026-06,2026-08,XGBoost,lower_95,126.29940032958984
2026-07-27T12:47:14,Site K,2026-06,2026-08,XGBoost,upper_95,136.1092071533203
2026-07-27T12:47:14,Site K,2026-06,2026-09,XGBoost,forecast_flowrate,129.0607452392578
2026-07-27T12:47:14,Site K,2026-06,2026-09,XGBoost,lower_95,124.15584564208984
2026-07-27T12:47:14,Site K,2026-06,2026-09,XGBoost,upper_95,133.9656524658203
2026-07-27T12:47:14,Site K,2026-06,2026-10,XGBoost,forecast_flowrate,125.0316925048828
2026-07-27T12:47:14,Site K,2026-06,2026-10,XGBoost,lower_95,120.12679290771484
2026-07-27T12:47:14,Site K,2026-06,2026-10,XGBoost,upper_95,129.9365997314453
2026-07-27T12:47:14,Site K,2026-06,2026-11,XGBoost,forecast_flowrate,123.6798858642578
2026-07-27T12:47:14,Site K,2026-06,2026-11,XGBoost,lower_95,118.77498626708984
2026-07-27T12:47:14,Site K,2026-06,2026-11,XGBoost,upper_95,128.5847930908203
2026-07-27T12:47:14,Site K,2026-06,2026-12,XGBoost,forecast_flowrate,121.71015167236328
2026-07-27T12:47:14,Site K,2026-06,2026-12,XGBoost,lower_95,116.80525207519533
2026-07-27T12:47:14,Site K,2026-06,2026-12,XGBoost,upper_95,126.61505126953124
2026-07-27T12:47:27,Site K,2026-06,2026-07,XGBoost,forecast_flowrate,136.441650390625
2026-07-27T12:47:27,Site K,2026-06,2026-07,XGBoost,lower_95,131.5367431640625
2026-07-27T12:47:27,Site K,2026-06,2026-07,XGBoost,upper_95,141.3465576171875
2026-07-27T12:47:27,Site K,2026-06,2026-08,XGBoost,forecast_flowrate,131.2042999267578
2026-07-27T12:47:27,Site K,2026-06,2026-08,XGBoost,lower_95,126.29940032958984
2026-07-27T12:47:27,Site K,2026-06,2026-08,XGBoost,upper_95,136.1092071533203
2026-07-27T12:47:27,Site K,2026-06,2026-09,XGBoost,forecast_flowrate,129.0607452392578
2026-07-27T12:47:27,Site K,2026-06,2026-09,XGBoost,lower_95,124.15584564208984
2026-07-27T12:47:27,Site K,2026-06,2026-09,XGBoost,upper_95,133.9656524658203
2026-07-27T12:47:27,Site K,2026-06,2026-10,XGBoost,forecast_flowrate,125.0316925048828
2026-07-27T12:47:27,Site K,2026-06,2026-10,XGBoost,lower_95,120.12679290771484
2026-07-27T12:47:27,Site K,2026-06,2026-10,XGBoost,upper_95,129.9365997314453
2026-07-27T12:47:27,Site K,2026-06,2026-11,XGBoost,forecast_flowrate,123.6798858642578
2026-07-27T12:47:27,Site K,2026-06,2026-11,XGBoost,lower_95,118.77498626708984
2026-07-27T12:47:27,Site K,2026-06,2026-11,XGBoost,upper_95,128.5847930908203
2026-07-27T12:47:27,Site K,2026-06,2026-12,XGBoost,forecast_flowrate,121.71015167236328
2026-07-27T12:47:27,Site K,2026-06,2026-12,XGBoost,lower_95,116.80525207519533
2026-07-27T12:47:27,Site K,2026-06,2026-12,XGBoost,upper_95,126.61505126953124
2026-07-27T12:47:27,Site K,2026-06,2027-01,XGBoost,forecast_flowrate,122.71812438964844
2026-07-27T12:47:27,Site K,2026-06,2027-01,XGBoost,lower_95,117.81322479248048
2026-07-27T12:47:27,Site K,2026-06,2027-01,XGBoost,upper_95,127.6230239868164
2026-07-27T12:47:27,Site K,2026-06,2027-02,XGBoost,forecast_flowrate,125.16399383544922
2026-07-27T12:47:27,Site K,2026-06,2027-02,XGBoost,lower_95,120.25909423828124
2026-07-27T12:47:27,Site K,2026-06,2027-02,XGBoost,upper_95,130.0688934326172
2026-07-27T12:47:27,Site K,2026-06,2027-03,XGBoost,forecast_flowrate,128.80636596679688
2026-07-27T12:47:27,Site K,2026-06,2027-03,XGBoost,lower_95,123.9014663696289
2026-07-27T12:47:27,Site K,2026-06,2027-03,XGBoost,upper_95,133.71127319335938
2026-07-27T12:47:27,Site K,2026-06,2027-04,XGBoost,forecast_flowrate,130.12640380859375
2026-07-27T12:47:27,Site K,2026-06,2027-04,XGBoost,lower_95,125.22150421142578
2026-07-27T12:47:27,Site K,2026-06,2027-04,XGBoost,upper_95,135.03131103515625
2026-07-27T12:47:27,Site K,2026-06,2027-05,XGBoost,forecast_flowrate,131.99176025390625
2026-07-27T12:47:27,Site K,2026-06,2027-05,XGBoost,lower_95,127.08686065673828
2026-07-27T12:47:27,Site K,2026-06,2027-05,XGBoost,upper_95,136.89666748046875
2026-07-27T12:47:27,Site K,2026-06,2027-06,XGBoost,forecast_flowrate,134.84251403808594
2026-07-27T12:47:27,Site K,2026-06,2027-06,XGBoost,lower_95,129.93760681152344
2026-07-27T12:47:27,Site K,2026-06,2027-06,XGBoost,upper_95,139.74742126464844
2026-07-27T12:50:08,Site L,2026-06,2026-07,XGBoost,forecast_flowrate,79.60585021972656
2026-07-27T12:50:08,Site L,2026-06,2026-07,XGBoost,lower_95,77.39904022216797
2026-07-27T12:50:08,Site L,2026-06,2026-07,XGBoost,upper_95,81.81266021728516
2026-07-27T12:50:08,Site L,2026-06,2026-08,XGBoost,forecast_flowrate,77.5635757446289
2026-07-27T12:50:08,Site L,2026-06,2026-08,XGBoost,lower_95,75.35676574707031
2026-07-27T12:50:08,Site L,2026-06,2026-08,XGBoost,upper_95,79.7703857421875
2026-07-27T12:50:08,Site L,2026-06,2026-09,XGBoost,forecast_flowrate,76.74433135986328
2026-07-27T12:50:08,Site L,2026-06,2026-09,XGBoost,lower_95,74.53752136230469
2026-07-27T12:50:08,Site L,2026-06,2026-09,XGBoost,upper_95,78.95114135742188
2026-07-27T12:50:08,Site L,2026-06,2026-10,XGBoost,forecast_flowrate,75.8453140258789
2026-07-27T12:50:08,Site L,2026-06,2026-10,XGBoost,lower_95,73.63850402832031
2026-07-27T12:50:08,Site L,2026-06,2026-10,XGBoost,upper_95,78.0521240234375
2026-07-27T12:50:08,Site L,2026-06,2026-11,XGBoost,forecast_flowrate,74.51702117919922
2026-07-27T12:50:08,Site L,2026-06,2026-11,XGBoost,lower_95,72.31021118164062
2026-07-27T12:50:08,Site L,2026-06,2026-11,XGBoost,upper_95,76.72383117675781
2026-07-27T12:50:08,Site L,2026-06,2026-12,XGBoost,forecast_flowrate,74.07257080078125
2026-07-27T12:50:08,Site L,2026-06,2026-12,XGBoost,lower_95,71.86576080322266
2026-07-27T12:50:08,Site L,2026-06,2026-12,XGBoost,upper_95,76.27938079833984
2026-07-27T12:50:08,Site L,2026-06,2027-01,XGBoost,forecast_flowrate,74.86622619628906
2026-07-27T12:50:08,Site L,2026-06,2027-01,XGBoost,lower_95,72.65941619873047
2026-07-27T12:50:08,Site L,2026-06,2027-01,XGBoost,upper_95,77.07303619384766
2026-07-27T12:50:08,Site L,2026-06,2027-02,XGBoost,forecast_flowrate,75.4050064086914
2026-07-27T12:50:08,Site L,2026-06,2027-02,XGBoost,lower_95,73.19819641113281
2026-07-27T12:50:08,Site L,2026-06,2027-02,XGBoost,upper_95,77.61181640625
2026-07-27T12:50:08,Site L,2026-06,2027-03,XGBoost,forecast_flowrate,76.02363586425781
2026-07-27T12:50:08,Site L,2026-06,2027-03,XGBoost,lower_95,73.81682586669922
2026-07-27T12:50:08,Site L,2026-06,2027-03,XGBoost,upper_95,78.2304458618164
2026-07-27T12:50:08,Site L,2026-06,2027-04,XGBoost,forecast_flowrate,75.88426208496094
2026-07-27T12:50:08,Site L,2026-06,2027-04,XGBoost,lower_95,73.67745208740234
2026-07-27T12:50:08,Site L,2026-06,2027-04,XGBoost,upper_95,78.09107208251953
2026-07-27T12:50:08,Site L,2026-06,2027-05,XGBoost,forecast_flowrate,75.63868713378906
2026-07-27T12:50:08,Site L,2026-06,2027-05,XGBoost,lower_95,73.43187713623047
2026-07-27T12:50:08,Site L,2026-06,2027-05,XGBoost,upper_95,77.84549713134766
2026-07-27T12:50:08,Site L,2026-06,2027-06,XGBoost,forecast_flowrate,75.15718078613281
2026-07-27T12:50:08,Site L,2026-06,2027-06,XGBoost,lower_95,72.95037078857422
2026-07-27T12:50:08,Site L,2026-06,2027-06,XGBoost,upper_95,77.3639907836914
2026-07-27T12:50:21,Site L,2026-06,2026-07,XGBoost,forecast_flowrate,79.60585021972656
2026-07-27T12:50:21,Site L,2026-06,2026-07,XGBoost,lower_95,77.39904022216797
2026-07-27T12:50:21,Site L,2026-06,2026-07,XGBoost,upper_95,81.81266021728516
2026-07-27T12:50:21,Site L,2026-06,2026-08,XGBoost,forecast_flowrate,77.5635757446289
2026-07-27T12:50:21,Site L,2026-06,2026-08,XGBoost,lower_95,75.35676574707031
2026-07-27T12:50:21,Site L,2026-06,2026-08,XGBoost,upper_95,79.7703857421875
2026-07-27T12:50:21,Site L,2026-06,2026-09,XGBoost,forecast_flowrate,76.74433135986328
2026-07-27T12:50:21,Site L,2026-06,2026-09,XGBoost,lower_95,74.53752136230469
2026-07-27T12:50:21,Site L,2026-06,2026-09,XGBoost,upper_95,78.95114135742188
2026-07-27T12:50:21,Site L,2026-06,2026-10,XGBoost,forecast_flowrate,75.8453140258789
2026-07-27T12:50:21,Site L,2026-06,2026-10,XGBoost,lower_95,73.63850402832031
2026-07-27T12:50:21,Site L,2026-06,2026-10,XGBoost,upper_95,78.0521240234375
2026-07-27T12:50:21,Site L,2026-06,2026-11,XGBoost,forecast_flowrate,74.51702117919922
2026-07-27T12:50:21,Site L,2026-06,2026-11,XGBoost,lower_95,72.31021118164062
2026-07-27T12:50:21,Site L,2026-06,2026-11,XGBoost,upper_95,76.72383117675781
2026-07-27T12:50:21,Site L,2026-06,2026-12,XGBoost,forecast_flowrate,74.07257080078125
2026-07-27T12:50:21,Site L,2026-06,2026-12,XGBoost,lower_95,71.86576080322266
2026-07-27T12:50:21,Site L,2026-06,2026-12,XGBoost,upper_95,76.27938079833984
2026-07-27T12:50:21,Site L,2026-06,2027-01,XGBoost,forecast_flowrate,74.86622619628906
2026-07-27T12:50:21,Site L,2026-06,2027-01,XGBoost,lower_95,72.65941619873047
2026-07-27T12:50:21,Site L,2026-06,2027-01,XGBoost,upper_95,77.07303619384766
2026-07-27T12:50:21,Site L,2026-06,2027-02,XGBoost,forecast_flowrate,75.4050064086914
2026-07-27T12:50:21,Site L,2026-06,2027-02,XGBoost,lower_95,73.19819641113281
2026-07-27T12:50:21,Site L,2026-06,2027-02,XGBoost,upper_95,77.61181640625
2026-07-27T12:50:21,Site L,2026-06,2027-03,XGBoost,forecast_flowrate,76.02363586425781
2026-07-27T12:50:21,Site L,2026-06,2027-03,XGBoost,lower_95,73.81682586669922
2026-07-27T12:50:21,Site L,2026-06,2027-03,XGBoost,upper_95,78.2304458618164
2026-07-27T12:50:21,Site L,2026-06,2027-04,XGBoost,forecast_flowrate,75.88426208496094
2026-07-27T12:50:21,Site L,2026-06,2027-04,XGBoost,lower_95,73.67745208740234
2026-07-27T12:50:21,Site L,2026-06,2027-04,XGBoost,upper_95,78.09107208251953
2026-07-27T12:50:21,Site L,2026-06,2027-05,XGBoost,forecast_flowrate,75.63868713378906
2026-07-27T12:50:21,Site L,2026-06,2027-05,XGBoost,lower_95,73.43187713623047
2026-07-27T12:50:21,Site L,2026-06,2027-05,XGBoost,upper_95,77.84549713134766
2026-07-27T12:50:21,Site L,2026-06,2027-06,XGBoost,forecast_flowrate,75.15718078613281
2026-07-27T12:50:21,Site L,2026-06,2027-06,XGBoost,lower_95,72.95037078857422
2026-07-27T12:50:21,Site L,2026-06,2027-06,XGBoost,upper_95,77.3639907836914
2026-07-27T12:50:40,Site L,2026-06,2026-07,ML (Ensemble RF+GBR),forecast_flowrate,79.84168905988966
2026-07-27T12:50:40,Site L,2026-06,2026-07,ML (Ensemble RF+GBR),lower_95,77.82252195230195
2026-07-27T12:50:40,Site L,2026-06,2026-07,ML (Ensemble RF+GBR),upper_95,81.86085616747737
2026-07-27T12:50:40,Site L,2026-06,2026-08,ML (Ensemble RF+GBR),forecast_flowrate,78.27616176876708
2026-07-27T12:50:40,Site L,2026-06,2026-08,ML (Ensemble RF+GBR),lower_95,76.25699466117938
2026-07-27T12:50:40,Site L,2026-06,2026-08,ML (Ensemble RF+GBR),upper_95,80.29532887635479
2026-07-27T12:50:40,Site L,2026-06,2026-09,ML (Ensemble RF+GBR),forecast_flowrate,77.20617187846824
2026-07-27T12:50:40,Site L,2026-06,2026-09,ML (Ensemble RF+GBR),lower_95,75.18700477088053
2026-07-27T12:50:40,Site L,2026-06,2026-09,ML (Ensemble RF+GBR),upper_95,79.22533898605595
2026-07-27T12:50:40,Site L,2026-06,2026-10,ML (Ensemble RF+GBR),forecast_flowrate,77.02998199795829
2026-07-27T12:50:40,Site L,2026-06,2026-10,ML (Ensemble RF+GBR),lower_95,75.01081489037058
2026-07-27T12:50:40,Site L,2026-06,2026-10,ML (Ensemble RF+GBR),upper_95,79.049149105546
2026-07-27T12:50:40,Site L,2026-06,2026-11,ML (Ensemble RF+GBR),forecast_flowrate,77.24384565832943
2026-07-27T12:50:40,Site L,2026-06,2026-11,ML (Ensemble RF+GBR),lower_95,75.22467855074173
2026-07-27T12:50:40,Site L,2026-06,2026-11,ML (Ensemble RF+GBR),upper_95,79.26301276591714
2026-07-27T12:50:40,Site L,2026-06,2026-12,ML (Ensemble RF+GBR),forecast_flowrate,76.41569803228876
2026-07-27T12:50:40,Site L,2026-06,2026-12,ML (Ensemble RF+GBR),lower_95,74.39653092470105
2026-07-27T12:50:40,Site L,2026-06,2026-12,ML (Ensemble RF+GBR),upper_95,78.43486513987646
2026-07-27T12:50:40,Site L,2026-06,2027-01,ML (Ensemble RF+GBR),forecast_flowrate,75.81244455227842
2026-07-27T12:50:40,Site L,2026-06,2027-01,ML (Ensemble RF+GBR),lower_95,73.79327744469072
2026-07-27T12:50:40,Site L,2026-06,2027-01,ML (Ensemble RF+GBR),upper_95,77.83161165986613
2026-07-27T12:50:40,Site L,2026-06,2027-02,ML (Ensemble RF+GBR),forecast_flowrate,74.98259439948501
2026-07-27T12:50:40,Site L,2026-06,2027-02,ML (Ensemble RF+GBR),lower_95,72.9634272918973
2026-07-27T12:50:40,Site L,2026-06,2027-02,ML (Ensemble RF+GBR),upper_95,77.00176150707271
2026-07-27T12:50:40,Site L,2026-06,2027-03,ML (Ensemble RF+GBR),forecast_flowrate,74.88229471789568
2026-07-27T12:50:40,Site L,2026-06,2027-03,ML (Ensemble RF+GBR),lower_95,72.86312761030797
2026-07-27T12:50:40,Site L,2026-06,2027-03,ML (Ensemble RF+GBR),upper_95,76.90146182548338
2026-07-27T12:50:40,Site L,2026-06,2027-04,ML (Ensemble RF+GBR),forecast_flowrate,75.3792434557042
2026-07-27T12:50:40,Site L,2026-06,2027-04,ML (Ensemble RF+GBR),lower_95,73.3600763481165
2026-07-27T12:50:40,Site L,2026-06,2027-04,ML (Ensemble RF+GBR),upper_95,77.3984105632919
2026-07-27T12:50:40,Site L,2026-06,2027-05,ML (Ensemble RF+GBR),forecast_flowrate,74.53081524958517
2026-07-27T12:50:40,Site L,2026-06,2027-05,ML (Ensemble RF+GBR),lower_95,72.51164814199747
2026-07-27T12:50:40,Site L,2026-06,2027-05,ML (Ensemble RF+GBR),upper_95,76.54998235717288
2026-07-27T12:50:40,Site L,2026-06,2027-06,ML (Ensemble RF+GBR),forecast_flowrate,74.55307417721669
2026-07-27T12:50:40,Site L,2026-06,2027-06,ML (Ensemble RF+GBR),lower_95,72.53390706962898
2026-07-27T12:50:40,Site L,2026-06,2027-06,ML (Ensemble RF+GBR),upper_95,76.57224128480439
2026-07-27T12:50:57,Site L,2026-06,2026-07,SARIMAX,forecast_flowrate,81.1873162655353
2026-07-27T12:50:57,Site L,2026-06,2026-07,SARIMAX,lower_95,77.41738679716325
2026-07-27T12:50:57,Site L,2026-06,2026-07,SARIMAX,upper_95,84.95724573390736
2026-07-27T12:50:57,Site L,2026-06,2026-08,SARIMAX,forecast_flowrate,80.10091512117984
2026-07-27T12:50:57,Site L,2026-06,2026-08,SARIMAX,lower_95,75.43889170397112
2026-07-27T12:50:57,Site L,2026-06,2026-08,SARIMAX,upper_95,84.76293853838855
2026-07-27T12:50:57,Site L,2026-06,2026-09,SARIMAX,forecast_flowrate,80.6517239157149
2026-07-27T12:50:57,Site L,2026-06,2026-09,SARIMAX,lower_95,75.55213273492492
2026-07-27T12:50:57,Site L,2026-06,2026-09,SARIMAX,upper_95,85.75131509650487
2026-07-27T12:50:57,Site L,2026-06,2026-10,SARIMAX,forecast_flowrate,79.33958070367507
2026-07-27T12:50:57,Site L,2026-06,2026-10,SARIMAX,lower_95,73.98108200697708
2026-07-27T12:50:57,Site L,2026-06,2026-10,SARIMAX,upper_95,84.69807940037306
2026-07-27T12:50:57,Site L,2026-06,2026-11,SARIMAX,forecast_flowrate,79.79658150031558
2026-07-27T12:50:57,Site L,2026-06,2026-11,SARIMAX,lower_95,74.26639529886347
2026-07-27T12:50:57,Site L,2026-06,2026-11,SARIMAX,upper_95,85.3267677017677
2026-07-27T12:50:57,Site L,2026-06,2026-12,SARIMAX,forecast_flowrate,80.40726540097191
2026-07-27T12:50:57,Site L,2026-06,2026-12,SARIMAX,lower_95,74.75192951832763
2026-07-27T12:50:57,Site L,2026-06,2026-12,SARIMAX,upper_95,86.06260128361619
2026-07-27T12:50:57,Site L,2026-06,2027-01,SARIMAX,forecast_flowrate,80.25555271448854
2026-07-27T12:50:57,Site L,2026-06,2027-01,SARIMAX,lower_95,74.5014880228445
2026-07-27T12:50:57,Site L,2026-06,2027-01,SARIMAX,upper_95,86.00961740613259
2026-07-27T12:50:57,Site L,2026-06,2027-02,SARIMAX,forecast_flowrate,79.89994088404468
2026-07-27T12:50:57,Site L,2026-06,2027-02,SARIMAX,lower_95,74.06286831006629
2026-07-27T12:50:57,Site L,2026-06,2027-02,SARIMAX,upper_95,85.73701345802307
2026-07-27T12:50:57,Site L,2026-06,2027-03,SARIMAX,forecast_flowrate,80.12947339792689
2026-07-27T12:50:57,Site L,2026-06,2027-03,SARIMAX,lower_95,74.21910278535377
2026-07-27T12:50:57,Site L,2026-06,2027-03,SARIMAX,upper_95,86.0398440105
2026-07-27T12:50:57,Site L,2026-06,2027-04,SARIMAX,forecast_flowrate,81.28597212963386
2026-07-27T12:50:57,Site L,2026-06,2027-04,SARIMAX,lower_95,75.30849371742438
2026-07-27T12:50:57,Site L,2026-06,2027-04,SARIMAX,upper_95,87.26345054184334
2026-07-27T12:50:57,Site L,2026-06,2027-05,SARIMAX,forecast_flowrate,81.16613035390866
2026-07-27T12:50:57,Site L,2026-06,2027-05,SARIMAX,lower_95,75.12560910337452
2026-07-27T12:50:57,Site L,2026-06,2027-05,SARIMAX,upper_95,87.2066516044428
2026-07-27T12:50:57,Site L,2026-06,2027-06,SARIMAX,forecast_flowrate,80.5564483756474
2026-07-27T12:50:57,Site L,2026-06,2027-06,SARIMAX,lower_95,74.45563651423005
2026-07-27T12:50:57,Site L,2026-06,2027-06,SARIMAX,upper_95,86.65726023706476
2026-07-27T12:51:06,Site L,2026-06,2026-07,XGBoost,forecast_flowrate,79.60585021972656
2026-07-27T12:51:06,Site L,2026-06,2026-07,XGBoost,lower_95,77.39904022216797
2026-07-27T12:51:06,Site L,2026-06,2026-07,XGBoost,upper_95,81.81266021728516
2026-07-27T12:51:06,Site L,2026-06,2026-08,XGBoost,forecast_flowrate,77.5635757446289
2026-07-27T12:51:06,Site L,2026-06,2026-08,XGBoost,lower_95,75.35676574707031
2026-07-27T12:51:06,Site L,2026-06,2026-08,XGBoost,upper_95,79.7703857421875
2026-07-27T12:51:06,Site L,2026-06,2026-09,XGBoost,forecast_flowrate,76.74433135986328
2026-07-27T12:51:06,Site L,2026-06,2026-09,XGBoost,lower_95,74.53752136230469
2026-07-27T12:51:06,Site L,2026-06,2026-09,XGBoost,upper_95,78.95114135742188
2026-07-27T12:51:06,Site L,2026-06,2026-10,XGBoost,forecast_flowrate,75.8453140258789
2026-07-27T12:51:06,Site L,2026-06,2026-10,XGBoost,lower_95,73.63850402832031
2026-07-27T12:51:06,Site L,2026-06,2026-10,XGBoost,upper_95,78.0521240234375
2026-07-27T12:51:06,Site L,2026-06,2026-11,XGBoost,forecast_flowrate,74.51702117919922
2026-07-27T12:51:06,Site L,2026-06,2026-11,XGBoost,lower_95,72.31021118164062
2026-07-27T12:51:06,Site L,2026-06,2026-11,XGBoost,upper_95,76.72383117675781
2026-07-27T12:51:06,Site L,2026-06,2026-12,XGBoost,forecast_flowrate,74.07257080078125
2026-07-27T12:51:06,Site L,2026-06,2026-12,XGBoost,lower_95,71.86576080322266
2026-07-27T12:51:06,Site L,2026-06,2026-12,XGBoost,upper_95,76.27938079833984
2026-07-27T12:51:06,Site L,2026-06,2027-01,XGBoost,forecast_flowrate,74.86622619628906
2026-07-27T12:51:06,Site L,2026-06,2027-01,XGBoost,lower_95,72.65941619873047
2026-07-27T12:51:06,Site L,2026-06,2027-01,XGBoost,upper_95,77.07303619384766
2026-07-27T12:51:06,Site L,2026-06,2027-02,XGBoost,forecast_flowrate,75.4050064086914
2026-07-27T12:51:06,Site L,2026-06,2027-02,XGBoost,lower_95,73.19819641113281
2026-07-27T12:51:06,Site L,2026-06,2027-02,XGBoost,upper_95,77.61181640625
2026-07-27T12:51:06,Site L,2026-06,2027-03,XGBoost,forecast_flowrate,76.02363586425781
2026-07-27T12:51:06,Site L,2026-06,2027-03,XGBoost,lower_95,73.81682586669922
2026-07-27T12:51:06,Site L,2026-06,2027-03,XGBoost,upper_95,78.2304458618164
2026-07-27T12:51:06,Site L,2026-06,2027-04,XGBoost,forecast_flowrate,75.88426208496094
2026-07-27T12:51:06,Site L,2026-06,2027-04,XGBoost,lower_95,73.67745208740234
2026-07-27T12:51:06,Site L,2026-06,2027-04,XGBoost,upper_95,78.09107208251953
2026-07-27T12:51:06,Site L,2026-06,2027-05,XGBoost,forecast_flowrate,75.63868713378906
2026-07-27T12:51:06,Site L,2026-06,2027-05,XGBoost,lower_95,73.43187713623047
2026-07-27T12:51:06,Site L,2026-06,2027-05,XGBoost,upper_95,77.84549713134766
2026-07-27T12:51:06,Site L,2026-06,2027-06,XGBoost,forecast_flowrate,75.15718078613281
2026-07-27T12:51:06,Site L,2026-06,2027-06,XGBoost,lower_95,72.95037078857422
2026-07-27T12:51:06,Site L,2026-06,2027-06,XGBoost,upper_95,77.3639907836914
2026-07-27T12:54:02,Site L,2026-06,2026-07,ML (Ensemble RF+GBR),forecast_flowrate,79.84168905988966
2026-07-27T12:54:02,Site L,2026-06,2026-07,ML (Ensemble RF+GBR),lower_95,77.82252195230195
2026-07-27T12:54:02,Site L,2026-06,2026-07,ML (Ensemble RF+GBR),upper_95,81.86085616747737
2026-07-27T12:54:02,Site L,2026-06,2026-08,ML (Ensemble RF+GBR),forecast_flowrate,78.27616176876708
2026-07-27T12:54:02,Site L,2026-06,2026-08,ML (Ensemble RF+GBR),lower_95,76.25699466117938
2026-07-27T12:54:02,Site L,2026-06,2026-08,ML (Ensemble RF+GBR),upper_95,80.29532887635479
2026-07-27T12:54:02,Site L,2026-06,2026-09,ML (Ensemble RF+GBR),forecast_flowrate,77.20617187846824
2026-07-27T12:54:02,Site L,2026-06,2026-09,ML (Ensemble RF+GBR),lower_95,75.18700477088053
2026-07-27T12:54:02,Site L,2026-06,2026-09,ML (Ensemble RF+GBR),upper_95,79.22533898605595
2026-07-27T12:54:02,Site L,2026-06,2026-10,ML (Ensemble RF+GBR),forecast_flowrate,77.02998199795829
2026-07-27T12:54:02,Site L,2026-06,2026-10,ML (Ensemble RF+GBR),lower_95,75.01081489037058
2026-07-27T12:54:02,Site L,2026-06,2026-10,ML (Ensemble RF+GBR),upper_95,79.049149105546
2026-07-27T12:54:02,Site L,2026-06,2026-11,ML (Ensemble RF+GBR),forecast_flowrate,77.24384565832943
2026-07-27T12:54:02,Site L,2026-06,2026-11,ML (Ensemble RF+GBR),lower_95,75.22467855074173
2026-07-27T12:54:02,Site L,2026-06,2026-11,ML (Ensemble RF+GBR),upper_95,79.26301276591714
2026-07-27T12:54:02,Site L,2026-06,2026-12,ML (Ensemble RF+GBR),forecast_flowrate,76.41569803228876
2026-07-27T12:54:02,Site L,2026-06,2026-12,ML (Ensemble RF+GBR),lower_95,74.39653092470105
2026-07-27T12:54:02,Site L,2026-06,2026-12,ML (Ensemble RF+GBR),upper_95,78.43486513987646
2026-07-27T12:54:02,Site L,2026-06,2027-01,ML (Ensemble RF+GBR),forecast_flowrate,75.81244455227842
2026-07-27T12:54:02,Site L,2026-06,2027-01,ML (Ensemble RF+GBR),lower_95,73.79327744469072
2026-07-27T12:54:02,Site L,2026-06,2027-01,ML (Ensemble RF+GBR),upper_95,77.83161165986613
2026-07-27T12:54:02,Site L,2026-06,2027-02,ML (Ensemble RF+GBR),forecast_flowrate,74.98259439948501
2026-07-27T12:54:02,Site L,2026-06,2027-02,ML (Ensemble RF+GBR),lower_95,72.9634272918973
2026-07-27T12:54:02,Site L,2026-06,2027-02,ML (Ensemble RF+GBR),upper_95,77.00176150707271
2026-07-27T12:54:02,Site L,2026-06,2027-03,ML (Ensemble RF+GBR),forecast_flowrate,74.88229471789568
2026-07-27T12:54:02,Site L,2026-06,2027-03,ML (Ensemble RF+GBR),lower_95,72.86312761030797
2026-07-27T12:54:02,Site L,2026-06,2027-03,ML (Ensemble RF+GBR),upper_95,76.90146182548338
2026-07-27T12:54:02,Site L,2026-06,2027-04,ML (Ensemble RF+GBR),forecast_flowrate,75.3792434557042
2026-07-27T12:54:02,Site L,2026-06,2027-04,ML (Ensemble RF+GBR),lower_95,73.3600763481165
2026-07-27T12:54:02,Site L,2026-06,2027-04,ML (Ensemble RF+GBR),upper_95,77.3984105632919
2026-07-27T12:54:02,Site L,2026-06,2027-05,ML (Ensemble RF+GBR),forecast_flowrate,74.53081524958517
2026-07-27T12:54:02,Site L,2026-06,2027-05,ML (Ensemble RF+GBR),lower_95,72.51164814199747
2026-07-27T12:54:02,Site L,2026-06,2027-05,ML (Ensemble RF+GBR),upper_95,76.54998235717288
2026-07-27T12:54:02,Site L,2026-06,2027-06,ML (Ensemble RF+GBR),forecast_flowrate,74.55307417721669
2026-07-27T12:54:02,Site L,2026-06,2027-06,ML (Ensemble RF+GBR),lower_95,72.53390706962898
2026-07-27T12:54:02,Site L,2026-06,2027-06,ML (Ensemble RF+GBR),upper_95,76.57224128480439
2026-07-27T12:58:01,Site K,2026-06,2026-07,ML (Ensemble RF+GBR),forecast_flowrate,137.72861686791867
2026-07-27T12:58:01,Site K,2026-06,2026-07,ML (Ensemble RF+GBR),lower_95,133.70046529530643
2026-07-27T12:58:01,Site K,2026-06,2026-07,ML (Ensemble RF+GBR),upper_95,141.75676844053092
2026-07-27T12:58:01,Site K,2026-06,2026-08,ML (Ensemble RF+GBR),forecast_flowrate,136.0160621646242
2026-07-27T12:58:01,Site K,2026-06,2026-08,ML (Ensemble RF+GBR),lower_95,131.98791059201196
2026-07-27T12:58:01,Site K,2026-06,2026-08,ML (Ensemble RF+GBR),upper_95,140.04421373723645
2026-07-27T12:58:01,Site K,2026-06,2026-09,ML (Ensemble RF+GBR),forecast_flowrate,130.64894558471235
2026-07-27T12:58:01,Site K,2026-06,2026-09,ML (Ensemble RF+GBR),lower_95,126.62079401210008
2026-07-27T12:58:01,Site K,2026-06,2026-09,ML (Ensemble RF+GBR),upper_95,134.6770971573246
2026-07-27T12:58:01,Site K,2026-06,2026-10,ML (Ensemble RF+GBR),forecast_flowrate,126.96764649327244
2026-07-27T12:58:01,Site K,2026-06,2026-10,ML (Ensemble RF+GBR),lower_95,122.93949492066018
2026-07-27T12:58:01,Site K,2026-06,2026-10,ML (Ensemble RF+GBR),upper_95,130.99579806588469
2026-07-27T12:58:01,Site K,2026-06,2026-11,ML (Ensemble RF+GBR),forecast_flowrate,125.6808690624105
2026-07-27T12:58:01,Site K,2026-06,2026-11,ML (Ensemble RF+GBR),lower_95,121.65271748979823
2026-07-27T12:58:01,Site K,2026-06,2026-11,ML (Ensemble RF+GBR),upper_95,129.70902063502274
2026-07-27T12:58:01,Site K,2026-06,2026-12,ML (Ensemble RF+GBR),forecast_flowrate,128.46844001161656
2026-07-27T12:58:01,Site K,2026-06,2026-12,ML (Ensemble RF+GBR),lower_95,124.4402884390043
2026-07-27T12:58:01,Site K,2026-06,2026-12,ML (Ensemble RF+GBR),upper_95,132.4965915842288
2026-07-27T12:58:01,Site K,2026-06,2027-01,ML (Ensemble RF+GBR),forecast_flowrate,129.5028254054714
2026-07-27T12:58:01,Site K,2026-06,2027-01,ML (Ensemble RF+GBR),lower_95,125.47467383285915
2026-07-27T12:58:01,Site K,2026-06,2027-01,ML (Ensemble RF+GBR),upper_95,133.53097697808366
2026-07-27T12:58:01,Site K,2026-06,2027-02,ML (Ensemble RF+GBR),forecast_flowrate,130.11969105139207
2026-07-27T12:58:01,Site K,2026-06,2027-02,ML (Ensemble RF+GBR),lower_95,126.0915394787798
2026-07-27T12:58:01,Site K,2026-06,2027-02,ML (Ensemble RF+GBR),upper_95,134.1478426240043
2026-07-27T12:58:01,Site K,2026-06,2027-03,ML (Ensemble RF+GBR),forecast_flowrate,129.89641763975837
2026-07-27T12:58:01,Site K,2026-06,2027-03,ML (Ensemble RF+GBR),lower_95,125.86826606714612
2026-07-27T12:58:01,Site K,2026-06,2027-03,ML (Ensemble RF+GBR),upper_95,133.9245692123706
2026-07-27T12:58:01,Site K,2026-06,2027-04,ML (Ensemble RF+GBR),forecast_flowrate,129.35149352371096
2026-07-27T12:58:01,Site K,2026-06,2027-04,ML (Ensemble RF+GBR),lower_95,125.3233419510987
2026-07-27T12:58:01,Site K,2026-06,2027-04,ML (Ensemble RF+GBR),upper_95,133.3796450963232
2026-07-27T12:58:01,Site K,2026-06,2027-05,ML (Ensemble RF+GBR),forecast_flowrate,128.88892611769955
2026-07-27T12:58:01,Site K,2026-06,2027-05,ML (Ensemble RF+GBR),lower_95,124.8607745450873
2026-07-27T12:58:01,Site K,2026-06,2027-05,ML (Ensemble RF+GBR),upper_95,132.9170776903118
2026-07-27T12:58:01,Site K,2026-06,2027-06,ML (Ensemble RF+GBR),forecast_flowrate,127.75459639134884
2026-07-27T12:58:01,Site K,2026-06,2027-06,ML (Ensemble RF+GBR),lower_95,123.72644481873655
2026-07-27T12:58:01,Site K,2026-06,2027-06,ML (Ensemble RF+GBR),upper_95,131.78274796396107
2026-07-27T12:58:12,Site K,2026-06,2026-07,XGBoost,forecast_flowrate,136.441650390625
2026-07-27T12:58:12,Site K,2026-06,2026-07,XGBoost,lower_95,131.5367431640625
2026-07-27T12:58:12,Site K,2026-06,2026-07,XGBoost,upper_95,141.3465576171875
2026-07-27T12:58:12,Site K,2026-06,2026-08,XGBoost,forecast_flowrate,131.2042999267578
2026-07-27T12:58:12,Site K,2026-06,2026-08,XGBoost,lower_95,126.29940032958984
2026-07-27T12:58:12,Site K,2026-06,2026-08,XGBoost,upper_95,136.1092071533203
2026-07-27T12:58:12,Site K,2026-06,2026-09,XGBoost,forecast_flowrate,129.0607452392578
2026-07-27T12:58:12,Site K,2026-06,2026-09,XGBoost,lower_95,124.15584564208984
2026-07-27T12:58:12,Site K,2026-06,2026-09,XGBoost,upper_95,133.9656524658203
2026-07-27T12:58:12,Site K,2026-06,2026-10,XGBoost,forecast_flowrate,125.0316925048828
2026-07-27T12:58:12,Site K,2026-06,2026-10,XGBoost,lower_95,120.12679290771484
2026-07-27T12:58:12,Site K,2026-06,2026-10,XGBoost,upper_95,129.9365997314453
2026-07-27T12:58:12,Site K,2026-06,2026-11,XGBoost,forecast_flowrate,123.6798858642578
2026-07-27T12:58:12,Site K,2026-06,2026-11,XGBoost,lower_95,118.77498626708984
2026-07-27T12:58:12,Site K,2026-06,2026-11,XGBoost,upper_95,128.5847930908203
2026-07-27T12:58:12,Site K,2026-06,2026-12,XGBoost,forecast_flowrate,121.71015167236328
2026-07-27T12:58:12,Site K,2026-06,2026-12,XGBoost,lower_95,116.80525207519533
2026-07-27T12:58:12,Site K,2026-06,2026-12,XGBoost,upper_95,126.61505126953124
2026-07-27T12:58:12,Site K,2026-06,2027-01,XGBoost,forecast_flowrate,122.71812438964844
2026-07-27T12:58:12,Site K,2026-06,2027-01,XGBoost,lower_95,117.81322479248048
2026-07-27T12:58:12,Site K,2026-06,2027-01,XGBoost,upper_95,127.6230239868164
2026-07-27T12:58:12,Site K,2026-06,2027-02,XGBoost,forecast_flowrate,125.16399383544922
2026-07-27T12:58:12,Site K,2026-06,2027-02,XGBoost,lower_95,120.25909423828124
2026-07-27T12:58:12,Site K,2026-06,2027-02,XGBoost,upper_95,130.0688934326172
2026-07-27T12:58:12,Site K,2026-06,2027-03,XGBoost,forecast_flowrate,128.80636596679688
2026-07-27T12:58:12,Site K,2026-06,2027-03,XGBoost,lower_95,123.9014663696289
2026-07-27T12:58:12,Site K,2026-06,2027-03,XGBoost,upper_95,133.71127319335938
2026-07-27T12:58:12,Site K,2026-06,2027-04,XGBoost,forecast_flowrate,130.12640380859375
2026-07-27T12:58:12,Site K,2026-06,2027-04,XGBoost,lower_95,125.22150421142578
2026-07-27T12:58:12,Site K,2026-06,2027-04,XGBoost,upper_95,135.03131103515625
2026-07-27T12:58:12,Site K,2026-06,2027-05,XGBoost,forecast_flowrate,131.99176025390625
2026-07-27T12:58:12,Site K,2026-06,2027-05,XGBoost,lower_95,127.08686065673828
2026-07-27T12:58:12,Site K,2026-06,2027-05,XGBoost,upper_95,136.89666748046875
2026-07-27T12:58:12,Site K,2026-06,2027-06,XGBoost,forecast_flowrate,134.84251403808594
2026-07-27T12:58:12,Site K,2026-06,2027-06,XGBoost,lower_95,129.93760681152344
2026-07-27T12:58:12,Site K,2026-06,2027-06,XGBoost,upper_95,139.74742126464844
2026-07-27T12:58:40,Site K,2026-06,2026-07,SARIMAX,forecast_flowrate,142.15806465578905
2026-07-27T12:58:40,Site K,2026-06,2026-07,SARIMAX,lower_95,138.39251321372035
2026-07-27T12:58:40,Site K,2026-06,2026-07,SARIMAX,upper_95,145.92361609785775
2026-07-27T12:58:40,Site K,2026-06,2026-08,SARIMAX,forecast_flowrate,139.6538550953324
2026-07-27T12:58:40,Site K,2026-06,2026-08,SARIMAX,lower_95,132.61620564315277
2026-07-27T12:58:40,Site K,2026-06,2026-08,SARIMAX,upper_95,146.69150454751204
2026-07-27T12:58:40,Site K,2026-06,2026-09,SARIMAX,forecast_flowrate,135.64798797206618
2026-07-27T12:58:40,Site K,2026-06,2026-09,SARIMAX,lower_95,125.875911958547
2026-07-27T12:58:40,Site K,2026-06,2026-09,SARIMAX,upper_95,145.42006398558533
2026-07-27T12:58:40,Site K,2026-06,2026-10,SARIMAX,forecast_flowrate,133.8572704002368
2026-07-27T12:58:40,Site K,2026-06,2026-10,SARIMAX,lower_95,122.05099442554538
2026-07-27T12:58:40,Site K,2026-06,2026-10,SARIMAX,upper_95,145.66354637492825
2026-07-27T12:58:40,Site K,2026-06,2026-11,SARIMAX,forecast_flowrate,134.59244279837333
2026-07-27T12:58:40,Site K,2026-06,2026-11,SARIMAX,lower_95,121.4137691516008
2026-07-27T12:58:40,Site K,2026-06,2026-11,SARIMAX,upper_95,147.77111644514585
2026-07-27T12:58:40,Site K,2026-06,2026-12,SARIMAX,forecast_flowrate,136.83879116197767
2026-07-27T12:58:40,Site K,2026-06,2026-12,SARIMAX,lower_95,122.81120309185724
2026-07-27T12:58:40,Site K,2026-06,2026-12,SARIMAX,upper_95,150.8663792320981
2026-07-27T12:58:40,Site K,2026-06,2027-01,SARIMAX,forecast_flowrate,137.09125228985485
2026-07-27T12:58:40,Site K,2026-06,2027-01,SARIMAX,lower_95,122.57612096134274
2026-07-27T12:58:40,Site K,2026-06,2027-01,SARIMAX,upper_95,151.60638361836695
2026-07-27T12:58:40,Site K,2026-06,2027-02,SARIMAX,forecast_flowrate,137.21015332666312
2026-07-27T12:58:40,Site K,2026-06,2027-02,SARIMAX,lower_95,122.42835602809372
2026-07-27T12:58:40,Site K,2026-06,2027-02,SARIMAX,upper_95,151.9919506252325
2026-07-27T12:58:40,Site K,2026-06,2027-03,SARIMAX,forecast_flowrate,135.83804888800984
2026-07-27T12:58:40,Site K,2026-06,2027-03,SARIMAX,lower_95,120.91010396741302
2026-07-27T12:58:40,Site K,2026-06,2027-03,SARIMAX,upper_95,150.76599380860665
2026-07-27T12:58:40,Site K,2026-06,2027-04,SARIMAX,forecast_flowrate,137.55999939679228
2026-07-27T12:58:40,Site K,2026-06,2027-04,SARIMAX,lower_95,122.5446830250362
2026-07-27T12:58:40,Site K,2026-06,2027-04,SARIMAX,upper_95,152.57531576854836
2026-07-27T12:58:40,Site K,2026-06,2027-05,SARIMAX,forecast_flowrate,137.464998773469
2026-07-27T12:58:40,Site K,2026-06,2027-05,SARIMAX,lower_95,122.38652644444694
2026-07-27T12:58:40,Site K,2026-06,2027-05,SARIMAX,upper_95,152.54347110249108
2026-07-27T12:58:40,Site K,2026-06,2027-06,SARIMAX,forecast_flowrate,138.59962591890127
2026-07-27T12:58:40,Site K,2026-06,2027-06,SARIMAX,lower_95,123.4627881148501
2026-07-27T12:58:40,Site K,2026-06,2027-06,SARIMAX,upper_95,153.73646372295244
2026-07-27T12:58:59,Site K,2026-06,2026-07,ML (Ensemble RF+GBR),forecast_flowrate,137.72861686791867
2026-07-27T12:58:59,Site K,2026-06,2026-07,ML (Ensemble RF+GBR),lower_95,133.70046529530643
2026-07-27T12:58:59,Site K,2026-06,2026-07,ML (Ensemble RF+GBR),upper_95,141.75676844053092
2026-07-27T12:58:59,Site K,2026-06,2026-08,ML (Ensemble RF+GBR),forecast_flowrate,136.0160621646242
2026-07-27T12:58:59,Site K,2026-06,2026-08,ML (Ensemble RF+GBR),lower_95,131.98791059201196
2026-07-27T12:58:59,Site K,2026-06,2026-08,ML (Ensemble RF+GBR),upper_95,140.04421373723645
2026-07-27T12:58:59,Site K,2026-06,2026-09,ML (Ensemble RF+GBR),forecast_flowrate,130.64894558471235
2026-07-27T12:58:59,Site K,2026-06,2026-09,ML (Ensemble RF+GBR),lower_95,126.62079401210008
2026-07-27T12:58:59,Site K,2026-06,2026-09,ML (Ensemble RF+GBR),upper_95,134.6770971573246
2026-07-27T12:58:59,Site K,2026-06,2026-10,ML (Ensemble RF+GBR),forecast_flowrate,126.96764649327244
2026-07-27T12:58:59,Site K,2026-06,2026-10,ML (Ensemble RF+GBR),lower_95,122.93949492066018
2026-07-27T12:58:59,Site K,2026-06,2026-10,ML (Ensemble RF+GBR),upper_95,130.99579806588469
2026-07-27T12:58:59,Site K,2026-06,2026-11,ML (Ensemble RF+GBR),forecast_flowrate,125.6808690624105
2026-07-27T12:58:59,Site K,2026-06,2026-11,ML (Ensemble RF+GBR),lower_95,121.65271748979823
2026-07-27T12:58:59,Site K,2026-06,2026-11,ML (Ensemble RF+GBR),upper_95,129.70902063502274
2026-07-27T12:58:59,Site K,2026-06,2026-12,ML (Ensemble RF+GBR),forecast_flowrate,128.46844001161656
2026-07-27T12:58:59,Site K,2026-06,2026-12,ML (Ensemble RF+GBR),lower_95,124.4402884390043
2026-07-27T12:58:59,Site K,2026-06,2026-12,ML (Ensemble RF+GBR),upper_95,132.4965915842288
2026-07-27T12:58:59,Site K,2026-06,2027-01,ML (Ensemble RF+GBR),forecast_flowrate,129.5028254054714
2026-07-27T12:58:59,Site K,2026-06,2027-01,ML (Ensemble RF+GBR),lower_95,125.47467383285915
2026-07-27T12:58:59,Site K,2026-06,2027-01,ML (Ensemble RF+GBR),upper_95,133.53097697808366
2026-07-27T12:58:59,Site K,2026-06,2027-02,ML (Ensemble RF+GBR),forecast_flowrate,130.11969105139207
2026-07-27T12:58:59,Site K,2026-06,2027-02,ML (Ensemble RF+GBR),lower_95,126.0915394787798
2026-07-27T12:58:59,Site K,2026-06,2027-02,ML (Ensemble RF+GBR),upper_95,134.1478426240043
2026-07-27T12:58:59,Site K,2026-06,2027-03,ML (Ensemble RF+GBR),forecast_flowrate,129.89641763975837
2026-07-27T12:58:59,Site K,2026-06,2027-03,ML (Ensemble RF+GBR),lower_95,125.86826606714612
2026-07-27T12:58:59,Site K,2026-06,2027-03,ML (Ensemble RF+GBR),upper_95,133.9245692123706
2026-07-27T12:58:59,Site K,2026-06,2027-04,ML (Ensemble RF+GBR),forecast_flowrate,129.35149352371096
2026-07-27T12:58:59,Site K,2026-06,2027-04,ML (Ensemble RF+GBR),lower_95,125.3233419510987
2026-07-27T12:58:59,Site K,2026-06,2027-04,ML (Ensemble RF+GBR),upper_95,133.3796450963232
2026-07-27T12:58:59,Site K,2026-06,2027-05,ML (Ensemble RF+GBR),forecast_flowrate,128.88892611769955
2026-07-27T12:58:59,Site K,2026-06,2027-05,ML (Ensemble RF+GBR),lower_95,124.8607745450873
2026-07-27T12:58:59,Site K,2026-06,2027-05,ML (Ensemble RF+GBR),upper_95,132.9170776903118
2026-07-27T12:58:59,Site K,2026-06,2027-06,ML (Ensemble RF+GBR),forecast_flowrate,127.75459639134884
2026-07-27T12:58:59,Site K,2026-06,2027-06,ML (Ensemble RF+GBR),lower_95,123.72644481873655
2026-07-27T12:58:59,Site K,2026-06,2027-06,ML (Ensemble RF+GBR),upper_95,131.78274796396107
2026-07-27T12:59:13,Site K,2026-06,2026-07,ML (Ensemble RF+GBR),forecast_flowrate,137.72861686791867
2026-07-27T12:59:13,Site K,2026-06,2026-07,ML (Ensemble RF+GBR),lower_95,133.70046529530643
2026-07-27T12:59:13,Site K,2026-06,2026-07,ML (Ensemble RF+GBR),upper_95,141.75676844053092
2026-07-27T12:59:13,Site K,2026-06,2026-08,ML (Ensemble RF+GBR),forecast_flowrate,136.0160621646242
2026-07-27T12:59:13,Site K,2026-06,2026-08,ML (Ensemble RF+GBR),lower_95,131.98791059201196
2026-07-27T12:59:13,Site K,2026-06,2026-08,ML (Ensemble RF+GBR),upper_95,140.04421373723645
2026-07-27T12:59:13,Site K,2026-06,2026-09,ML (Ensemble RF+GBR),forecast_flowrate,130.64894558471235
2026-07-27T12:59:13,Site K,2026-06,2026-09,ML (Ensemble RF+GBR),lower_95,126.62079401210008
2026-07-27T12:59:13,Site K,2026-06,2026-09,ML (Ensemble RF+GBR),upper_95,134.6770971573246
2026-07-27T12:59:13,Site K,2026-06,2026-10,ML (Ensemble RF+GBR),forecast_flowrate,126.96764649327244
2026-07-27T12:59:13,Site K,2026-06,2026-10,ML (Ensemble RF+GBR),lower_95,122.93949492066018
2026-07-27T12:59:13,Site K,2026-06,2026-10,ML (Ensemble RF+GBR),upper_95,130.99579806588469
2026-07-27T12:59:13,Site K,2026-06,2026-11,ML (Ensemble RF+GBR),forecast_flowrate,125.6808690624105
2026-07-27T12:59:13,Site K,2026-06,2026-11,ML (Ensemble RF+GBR),lower_95,121.65271748979823
2026-07-27T12:59:13,Site K,2026-06,2026-11,ML (Ensemble RF+GBR),upper_95,129.70902063502274
2026-07-27T12:59:13,Site K,2026-06,2026-12,ML (Ensemble RF+GBR),forecast_flowrate,128.46844001161656
2026-07-27T12:59:13,Site K,2026-06,2026-12,ML (Ensemble RF+GBR),lower_95,124.4402884390043
2026-07-27T12:59:13,Site K,2026-06,2026-12,ML (Ensemble RF+GBR),upper_95,132.4965915842288
2026-07-27T12:59:13,Site K,2026-06,2027-01,ML (Ensemble RF+GBR),forecast_flowrate,129.5028254054714
2026-07-27T12:59:13,Site K,2026-06,2027-01,ML (Ensemble RF+GBR),lower_95,125.47467383285915
2026-07-27T12:59:13,Site K,2026-06,2027-01,ML (Ensemble RF+GBR),upper_95,133.53097697808366
2026-07-27T12:59:13,Site K,2026-06,2027-02,ML (Ensemble RF+GBR),forecast_flowrate,130.11969105139207
2026-07-27T12:59:13,Site K,2026-06,2027-02,ML (Ensemble RF+GBR),lower_95,126.0915394787798
2026-07-27T12:59:13,Site K,2026-06,2027-02,ML (Ensemble RF+GBR),upper_95,134.1478426240043
2026-07-27T12:59:13,Site K,2026-06,2027-03,ML (Ensemble RF+GBR),forecast_flowrate,129.89641763975837
2026-07-27T12:59:13,Site K,2026-06,2027-03,ML (Ensemble RF+GBR),lower_95,125.86826606714612
2026-07-27T12:59:13,Site K,2026-06,2027-03,ML (Ensemble RF+GBR),upper_95,133.9245692123706
2026-07-27T12:59:13,Site K,2026-06,2027-04,ML (Ensemble RF+GBR),forecast_flowrate,129.35149352371096
2026-07-27T12:59:13,Site K,2026-06,2027-04,ML (Ensemble RF+GBR),lower_95,125.3233419510987
2026-07-27T12:59:13,Site K,2026-06,2027-04,ML (Ensemble RF+GBR),upper_95,133.3796450963232
2026-07-27T12:59:13,Site K,2026-06,2027-05,ML (Ensemble RF+GBR),forecast_flowrate,128.88892611769955
2026-07-27T12:59:13,Site K,2026-06,2027-05,ML (Ensemble RF+GBR),lower_95,124.8607745450873
2026-07-27T12:59:13,Site K,2026-06,2027-05,ML (Ensemble RF+GBR),upper_95,132.9170776903118
2026-07-27T12:59:13,Site K,2026-06,2027-06,ML (Ensemble RF+GBR),forecast_flowrate,127.75459639134884
2026-07-27T12:59:13,Site K,2026-06,2027-06,ML (Ensemble RF+GBR),lower_95,123.72644481873655
2026-07-27T12:59:13,Site K,2026-06,2027-06,ML (Ensemble RF+GBR),upper_95,131.78274796396107
2026-07-27T12:59:18,Site K,2026-06,2026-07,XGBoost,forecast_flowrate,136.441650390625
2026-07-27T12:59:18,Site K,2026-06,2026-07,XGBoost,lower_95,131.5367431640625
2026-07-27T12:59:18,Site K,2026-06,2026-07,XGBoost,upper_95,141.3465576171875
2026-07-27T12:59:18,Site K,2026-06,2026-08,XGBoost,forecast_flowrate,131.2042999267578
2026-07-27T12:59:18,Site K,2026-06,2026-08,XGBoost,lower_95,126.29940032958984
2026-07-27T12:59:18,Site K,2026-06,2026-08,XGBoost,upper_95,136.1092071533203
2026-07-27T12:59:18,Site K,2026-06,2026-09,XGBoost,forecast_flowrate,129.0607452392578
2026-07-27T12:59:18,Site K,2026-06,2026-09,XGBoost,lower_95,124.15584564208984
2026-07-27T12:59:18,Site K,2026-06,2026-09,XGBoost,upper_95,133.9656524658203
2026-07-27T12:59:18,Site K,2026-06,2026-10,XGBoost,forecast_flowrate,125.0316925048828
2026-07-27T12:59:18,Site K,2026-06,2026-10,XGBoost,lower_95,120.12679290771484
2026-07-27T12:59:18,Site K,2026-06,2026-10,XGBoost,upper_95,129.9365997314453
2026-07-27T12:59:18,Site K,2026-06,2026-11,XGBoost,forecast_flowrate,123.6798858642578
2026-07-27T12:59:18,Site K,2026-06,2026-11,XGBoost,lower_95,118.77498626708984
2026-07-27T12:59:18,Site K,2026-06,2026-11,XGBoost,upper_95,128.5847930908203
2026-07-27T12:59:18,Site K,2026-06,2026-12,XGBoost,forecast_flowrate,121.71015167236328
2026-07-27T12:59:18,Site K,2026-06,2026-12,XGBoost,lower_95,116.80525207519533
2026-07-27T12:59:18,Site K,2026-06,2026-12,XGBoost,upper_95,126.61505126953124
2026-07-27T12:59:18,Site K,2026-06,2027-01,XGBoost,forecast_flowrate,122.71812438964844
2026-07-27T12:59:18,Site K,2026-06,2027-01,XGBoost,lower_95,117.81322479248048
2026-07-27T12:59:18,Site K,2026-06,2027-01,XGBoost,upper_95,127.6230239868164
2026-07-27T12:59:18,Site K,2026-06,2027-02,XGBoost,forecast_flowrate,125.16399383544922
2026-07-27T12:59:18,Site K,2026-06,2027-02,XGBoost,lower_95,120.25909423828124
2026-07-27T12:59:18,Site K,2026-06,2027-02,XGBoost,upper_95,130.0688934326172
2026-07-27T12:59:18,Site K,2026-06,2027-03,XGBoost,forecast_flowrate,128.80636596679688
2026-07-27T12:59:18,Site K,2026-06,2027-03,XGBoost,lower_95,123.9014663696289
2026-07-27T12:59:18,Site K,2026-06,2027-03,XGBoost,upper_95,133.71127319335938
2026-07-27T12:59:18,Site K,2026-06,2027-04,XGBoost,forecast_flowrate,130.12640380859375
2026-07-27T12:59:18,Site K,2026-06,2027-04,XGBoost,lower_95,125.22150421142578
2026-07-27T12:59:18,Site K,2026-06,2027-04,XGBoost,upper_95,135.03131103515625
2026-07-27T12:59:18,Site K,2026-06,2027-05,XGBoost,forecast_flowrate,131.99176025390625
2026-07-27T12:59:18,Site K,2026-06,2027-05,XGBoost,lower_95,127.08686065673828
2026-07-27T12:59:18,Site K,2026-06,2027-05,XGBoost,upper_95,136.89666748046875
2026-07-27T12:59:18,Site K,2026-06,2027-06,XGBoost,forecast_flowrate,134.84251403808594
2026-07-27T12:59:18,Site K,2026-06,2027-06,XGBoost,lower_95,129.93760681152344
2026-07-27T12:59:18,Site K,2026-06,2027-06,XGBoost,upper_95,139.74742126464844
2026-07-27T13:03:00,Site K,2026-06,2026-07,XGBoost,forecast_flowrate,136.441650390625
2026-07-27T13:03:00,Site K,2026-06,2026-07,XGBoost,lower_95,131.5367431640625
2026-07-27T13:03:00,Site K,2026-06,2026-07,XGBoost,upper_95,141.3465576171875
2026-07-27T13:03:00,Site K,2026-06,2026-08,XGBoost,forecast_flowrate,131.2042999267578
2026-07-27T13:03:00,Site K,2026-06,2026-08,XGBoost,lower_95,126.29940032958984
2026-07-27T13:03:00,Site K,2026-06,2026-08,XGBoost,upper_95,136.1092071533203
2026-07-27T13:03:00,Site K,2026-06,2026-09,XGBoost,forecast_flowrate,129.0607452392578
2026-07-27T13:03:00,Site K,2026-06,2026-09,XGBoost,lower_95,124.15584564208984
2026-07-27T13:03:00,Site K,2026-06,2026-09,XGBoost,upper_95,133.9656524658203
2026-07-27T13:03:00,Site K,2026-06,2026-10,XGBoost,forecast_flowrate,125.0316925048828
2026-07-27T13:03:00,Site K,2026-06,2026-10,XGBoost,lower_95,120.12679290771484
2026-07-27T13:03:00,Site K,2026-06,2026-10,XGBoost,upper_95,129.9365997314453
2026-07-27T13:03:00,Site K,2026-06,2026-11,XGBoost,forecast_flowrate,123.6798858642578
2026-07-27T13:03:00,Site K,2026-06,2026-11,XGBoost,lower_95,118.77498626708984
2026-07-27T13:03:00,Site K,2026-06,2026-11,XGBoost,upper_95,128.5847930908203
2026-07-27T13:03:00,Site K,2026-06,2026-12,XGBoost,forecast_flowrate,121.71015167236328
2026-07-27T13:03:00,Site K,2026-06,2026-12,XGBoost,lower_95,116.80525207519533
2026-07-27T13:03:00,Site K,2026-06,2026-12,XGBoost,upper_95,126.61505126953124
2026-07-27T13:03:00,Site K,2026-06,2027-01,XGBoost,forecast_flowrate,122.71812438964844
2026-07-27T13:03:00,Site K,2026-06,2027-01,XGBoost,lower_95,117.81322479248048
2026-07-27T13:03:00,Site K,2026-06,2027-01,XGBoost,upper_95,127.6230239868164
2026-07-27T13:03:00,Site K,2026-06,2027-02,XGBoost,forecast_flowrate,125.16399383544922
2026-07-27T13:03:00,Site K,2026-06,2027-02,XGBoost,lower_95,120.25909423828124
2026-07-27T13:03:00,Site K,2026-06,2027-02,XGBoost,upper_95,130.0688934326172
2026-07-27T13:03:00,Site K,2026-06,2027-03,XGBoost,forecast_flowrate,128.80636596679688
2026-07-27T13:03:00,Site K,2026-06,2027-03,XGBoost,lower_95,123.9014663696289
2026-07-27T13:03:00,Site K,2026-06,2027-03,XGBoost,upper_95,133.71127319335938
2026-07-27T13:03:00,Site K,2026-06,2027-04,XGBoost,forecast_flowrate,130.12640380859375
2026-07-27T13:03:00,Site K,2026-06,2027-04,XGBoost,lower_95,125.22150421142578
2026-07-27T13:03:00,Site K,2026-06,2027-04,XGBoost,upper_95,135.03131103515625
2026-07-27T13:03:00,Site K,2026-06,2027-05,XGBoost,forecast_flowrate,131.8401336669922
2026-07-27T13:03:00,Site K,2026-06,2027-05,XGBoost,lower_95,126.93523406982422
2026-07-27T13:03:00,Site K,2026-06,2027-05,XGBoost,upper_95,136.7450408935547
2026-07-27T13:03:00,Site K,2026-06,2027-06,XGBoost,forecast_flowrate,135.33059692382812
2026-07-27T13:03:00,Site K,2026-06,2027-06,XGBoost,lower_95,130.42568969726562
2026-07-27T13:03:00,Site K,2026-06,2027-06,XGBoost,upper_95,140.23550415039062
2026-07-27T13:11:33,Site L,2026-06,2026-07,XGBoost,forecast_flowrate,79.60585021972656
2026-07-27T13:11:33,Site L,2026-06,2026-07,XGBoost,lower_95,77.39904022216797
2026-07-27T13:11:33,Site L,2026-06,2026-07,XGBoost,upper_95,81.81266021728516
2026-07-27T13:11:33,Site L,2026-06,2026-08,XGBoost,forecast_flowrate,77.5635757446289
2026-07-27T13:11:33,Site L,2026-06,2026-08,XGBoost,lower_95,75.35676574707031
2026-07-27T13:11:33,Site L,2026-06,2026-08,XGBoost,upper_95,79.7703857421875
2026-07-27T13:11:33,Site L,2026-06,2026-09,XGBoost,forecast_flowrate,76.74433135986328
2026-07-27T13:11:33,Site L,2026-06,2026-09,XGBoost,lower_95,74.53752136230469
2026-07-27T13:11:33,Site L,2026-06,2026-09,XGBoost,upper_95,78.95114135742188
2026-07-27T13:11:33,Site L,2026-06,2026-10,XGBoost,forecast_flowrate,75.8453140258789
2026-07-27T13:11:33,Site L,2026-06,2026-10,XGBoost,lower_95,73.63850402832031
2026-07-27T13:11:33,Site L,2026-06,2026-10,XGBoost,upper_95,78.0521240234375
2026-07-27T13:11:33,Site L,2026-06,2026-11,XGBoost,forecast_flowrate,74.51702117919922
2026-07-27T13:11:33,Site L,2026-06,2026-11,XGBoost,lower_95,72.31021118164062
2026-07-27T13:11:33,Site L,2026-06,2026-11,XGBoost,upper_95,76.72383117675781
2026-07-27T13:11:33,Site L,2026-06,2026-12,XGBoost,forecast_flowrate,74.07257080078125
2026-07-27T13:11:33,Site L,2026-06,2026-12,XGBoost,lower_95,71.86576080322266
2026-07-27T13:11:33,Site L,2026-06,2026-12,XGBoost,upper_95,76.27938079833984
2026-07-27T13:11:33,Site L,2026-06,2027-01,XGBoost,forecast_flowrate,74.86622619628906
2026-07-27T13:11:33,Site L,2026-06,2027-01,XGBoost,lower_95,72.65941619873047
2026-07-27T13:11:33,Site L,2026-06,2027-01,XGBoost,upper_95,77.07303619384766
2026-07-27T13:11:33,Site L,2026-06,2027-02,XGBoost,forecast_flowrate,75.4050064086914
2026-07-27T13:11:33,Site L,2026-06,2027-02,XGBoost,lower_95,73.19819641113281
2026-07-27T13:11:33,Site L,2026-06,2027-02,XGBoost,upper_95,77.61181640625
2026-07-27T13:11:33,Site L,2026-06,2027-03,XGBoost,forecast_flowrate,76.02363586425781
2026-07-27T13:11:33,Site L,2026-06,2027-03,XGBoost,lower_95,73.81682586669922
2026-07-27T13:11:33,Site L,2026-06,2027-03,XGBoost,upper_95,78.2304458618164
2026-07-27T13:11:33,Site L,2026-06,2027-04,XGBoost,forecast_flowrate,75.88426208496094
2026-07-27T13:11:33,Site L,2026-06,2027-04,XGBoost,lower_95,73.67745208740234
2026-07-27T13:11:33,Site L,2026-06,2027-04,XGBoost,upper_95,78.09107208251953
2026-07-27T13:11:33,Site L,2026-06,2027-05,XGBoost,forecast_flowrate,75.74421691894531
2026-07-27T13:11:33,Site L,2026-06,2027-05,XGBoost,lower_95,73.53740692138672
2026-07-27T13:11:33,Site L,2026-06,2027-05,XGBoost,upper_95,77.9510269165039
2026-07-27T13:11:33,Site L,2026-06,2027-06,XGBoost,forecast_flowrate,75.22235107421875
2026-07-27T13:11:33,Site L,2026-06,2027-06,XGBoost,lower_95,73.01554107666016
2026-07-27T13:11:33,Site L,2026-06,2027-06,XGBoost,upper_95,77.42916107177734
2026-08-06T06:21:12,Site B,2026-06,2026-07,XGBoost,forecast_flowrate,17.254426956176758
2026-08-06T06:21:12,Site B,2026-06,2026-07,XGBoost,lower_95,11.116336822509766
2026-08-06T06:21:12,Site B,2026-06,2026-07,XGBoost,upper_95,23.39251708984375
2026-08-06T06:21:12,Site B,2026-06,2026-08,XGBoost,forecast_flowrate,17.192110061645508
2026-08-06T06:21:12,Site B,2026-06,2026-08,XGBoost,lower_95,11.054019927978516
2026-08-06T06:21:12,Site B,2026-06,2026-08,XGBoost,upper_95,23.3302001953125
2026-08-06T06:21:12,Site B,2026-06,2026-09,XGBoost,forecast_flowrate,17.903289794921875
2026-08-06T06:21:12,Site B,2026-06,2026-09,XGBoost,lower_95,11.765199661254885
2026-08-06T06:21:12,Site B,2026-06,2026-09,XGBoost,upper_95,24.041379928588867
2026-08-06T06:21:12,Site B,2026-06,2026-10,XGBoost,forecast_flowrate,19.048215866088867
2026-08-06T06:21:12,Site B,2026-06,2026-10,XGBoost,lower_95,12.910125732421877
2026-08-06T06:21:12,Site B,2026-06,2026-10,XGBoost,upper_95,25.18630599975586
2026-08-06T06:21:12,Site B,2026-06,2026-11,XGBoost,forecast_flowrate,20.741111755371094
2026-08-06T06:21:12,Site B,2026-06,2026-11,XGBoost,lower_95,14.603021621704102
2026-08-06T06:21:12,Site B,2026-06,2026-11,XGBoost,upper_95,26.87920188903809
2026-08-06T06:21:12,Site B,2026-06,2026-12,XGBoost,forecast_flowrate,21.14021110534668
2026-08-06T06:21:12,Site B,2026-06,2026-12,XGBoost,lower_95,15.002120971679688
2026-08-06T06:21:12,Site B,2026-06,2026-12,XGBoost,upper_95,27.278301239013672
2026-08-06T06:22:55,Site B,2026-06,2026-07,XGBoost,forecast_flowrate,17.254426956176758
2026-08-06T06:22:55,Site B,2026-06,2026-07,XGBoost,lower_95,11.116336822509766
2026-08-06T06:22:55,Site B,2026-06,2026-07,XGBoost,upper_95,23.39251708984375
2026-08-06T06:22:55,Site B,2026-06,2026-08,XGBoost,forecast_flowrate,17.192110061645508
2026-08-06T06:22:55,Site B,2026-06,2026-08,XGBoost,lower_95,11.054019927978516
2026-08-06T06:22:55,Site B,2026-06,2026-08,XGBoost,upper_95,23.3302001953125
2026-08-06T06:22:55,Site B,2026-06,2026-09,XGBoost,forecast_flowrate,17.903289794921875
2026-08-06T06:22:55,Site B,2026-06,2026-09,XGBoost,lower_95,11.765199661254885
2026-08-06T06:22:55,Site B,2026-06,2026-09,XGBoost,upper_95,24.041379928588867
2026-08-06T06:22:55,Site B,2026-06,2026-10,XGBoost,forecast_flowrate,19.048215866088867
2026-08-06T06:22:55,Site B,2026-06,2026-10,XGBoost,lower_95,12.910125732421877
2026-08-06T06:22:55,Site B,2026-06,2026-10,XGBoost,upper_95,25.18630599975586
2026-08-06T06:22:55,Site B,2026-06,2026-11,XGBoost,forecast_flowrate,20.741111755371094
2026-08-06T06:22:55,Site B,2026-06,2026-11,XGBoost,lower_95,14.603021621704102
2026-08-06T06:22:55,Site B,2026-06,2026-11,XGBoost,upper_95,26.87920188903809
2026-08-06T06:22:55,Site B,2026-06,2026-12,XGBoost,forecast_flowrate,21.14021110534668
2026-08-06T06:22:55,Site B,2026-06,2026-12,XGBoost,lower_95,15.002120971679688
2026-08-06T06:22:55,Site B,2026-06,2026-12,XGBoost,upper_95,27.278301239013672
2026-08-06T06:22:55,Site B,2026-06,2027-01,XGBoost,forecast_flowrate,21.05025100708008
2026-08-06T06:22:55,Site B,2026-06,2027-01,XGBoost,lower_95,14.912160873413086
2026-08-06T06:22:55,Site B,2026-06,2027-01,XGBoost,upper_95,27.18834114074707
2026-08-06T06:22:55,Site B,2026-06,2027-02,XGBoost,forecast_flowrate,21.1191635131836
2026-08-06T06:22:55,Site B,2026-06,2027-02,XGBoost,lower_95,14.981073379516602
2026-08-06T06:22:55,Site B,2026-06,2027-02,XGBoost,upper_95,27.257253646850582
2026-08-06T06:22:55,Site B,2026-06,2027-03,XGBoost,forecast_flowrate,21.10563468933105
2026-08-06T06:22:55,Site B,2026-06,2027-03,XGBoost,lower_95,14.967544555664062
2026-08-06T06:22:55,Site B,2026-06,2027-03,XGBoost,upper_95,27.243724822998047
2026-08-06T06:22:55,Site B,2026-06,2027-04,XGBoost,forecast_flowrate,21.134031295776367
2026-08-06T06:22:55,Site B,2026-06,2027-04,XGBoost,lower_95,14.995941162109377
2026-08-06T06:22:55,Site B,2026-06,2027-04,XGBoost,upper_95,27.27212142944336
2026-08-11T06:30:35,Site B,2026-06,2026-07,XGBoost,forecast_flowrate,17.254426956176758
2026-08-11T06:30:35,Site B,2026-06,2026-07,XGBoost,lower_95,11.116336822509766
2026-08-11T06:30:35,Site B,2026-06,2026-07,XGBoost,upper_95,23.39251708984375
2026-08-11T06:30:35,Site B,2026-06,2026-08,XGBoost,forecast_flowrate,17.192110061645508
2026-08-11T06:30:35,Site B,2026-06,2026-08,XGBoost,lower_95,11.054019927978516
2026-08-11T06:30:35,Site B,2026-06,2026-08,XGBoost,upper_95,23.3302001953125
2026-08-11T06:30:35,Site B,2026-06,2026-09,XGBoost,forecast_flowrate,17.903289794921875
2026-08-11T06:30:35,Site B,2026-06,2026-09,XGBoost,lower_95,11.765199661254885
2026-08-11T06:30:35,Site B,2026-06,2026-09,XGBoost,upper_95,24.041379928588867
2026-08-11T06:30:35,Site B,2026-06,2026-10,XGBoost,forecast_flowrate,19.048215866088867
2026-08-11T06:30:35,Site B,2026-06,2026-10,XGBoost,lower_95,12.910125732421877
2026-08-11T06:30:35,Site B,2026-06,2026-10,XGBoost,upper_95,25.18630599975586
2026-08-11T06:30:35,Site B,2026-06,2026-11,XGBoost,forecast_flowrate,20.741111755371094
2026-08-11T06:30:35,Site B,2026-06,2026-11,XGBoost,lower_95,14.603021621704102
2026-08-11T06:30:35,Site B,2026-06,2026-11,XGBoost,upper_95,26.87920188903809
2026-08-11T06:30:35,Site B,2026-06,2026-12,XGBoost,forecast_flowrate,21.14021110534668
2026-08-11T06:30:35,Site B,2026-06,2026-12,XGBoost,lower_95,15.002120971679688
2026-08-11T06:30:35,Site B,2026-06,2026-12,XGBoost,upper_95,27.278301239013672
2026-08-11T06:30:41,Site K,2026-06,2026-07,XGBoost,forecast_flowrate,138.0462188720703
2026-08-11T06:30:41,Site K,2026-06,2026-07,XGBoost,lower_95,133.1413116455078
2026-08-11T06:30:41,Site K,2026-06,2026-07,XGBoost,upper_95,142.9511260986328
2026-08-11T06:30:41,Site K,2026-06,2026-08,XGBoost,forecast_flowrate,136.3219451904297
2026-08-11T06:30:41,Site K,2026-06,2026-08,XGBoost,lower_95,131.4170379638672
2026-08-11T06:30:41,Site K,2026-06,2026-08,XGBoost,upper_95,141.2268524169922
2026-08-11T06:30:41,Site K,2026-06,2026-09,XGBoost,forecast_flowrate,131.5772247314453
2026-08-11T06:30:41,Site K,2026-06,2026-09,XGBoost,lower_95,126.67232513427734
2026-08-11T06:30:41,Site K,2026-06,2026-09,XGBoost,upper_95,136.4821319580078
2026-08-11T06:30:41,Site K,2026-06,2026-10,XGBoost,forecast_flowrate,130.40811157226562
2026-08-11T06:30:41,Site K,2026-06,2026-10,XGBoost,lower_95,125.50321197509766
2026-08-11T06:30:41,Site K,2026-06,2026-10,XGBoost,upper_95,135.31301879882812
2026-08-11T06:30:41,Site K,2026-06,2026-11,XGBoost,forecast_flowrate,125.3435287475586
2026-08-11T06:30:41,Site K,2026-06,2026-11,XGBoost,lower_95,120.43862915039062
2026-08-11T06:30:41,Site K,2026-06,2026-11,XGBoost,upper_95,130.24842834472656
2026-08-11T06:30:41,Site K,2026-06,2026-12,XGBoost,forecast_flowrate,123.90362548828124
2026-08-11T06:30:41,Site K,2026-06,2026-12,XGBoost,lower_95,118.99872589111328
2026-08-11T06:30:41,Site K,2026-06,2026-12,XGBoost,upper_95,128.80853271484375
2026-08-11T06:41:42,Site K,2026-06,2026-07,XGBoost,forecast_flowrate,138.0462188720703
2026-08-11T06:41:42,Site K,2026-06,2026-07,XGBoost,lower_95,133.1413116455078
2026-08-11T06:41:42,Site K,2026-06,2026-07,XGBoost,upper_95,142.9511260986328
2026-08-11T06:41:42,Site K,2026-06,2026-08,XGBoost,forecast_flowrate,136.3219451904297
2026-08-11T06:41:42,Site K,2026-06,2026-08,XGBoost,lower_95,131.4170379638672
2026-08-11T06:41:42,Site K,2026-06,2026-08,XGBoost,upper_95,141.2268524169922
2026-08-11T06:41:42,Site K,2026-06,2026-09,XGBoost,forecast_flowrate,131.5772247314453
2026-08-11T06:41:42,Site K,2026-06,2026-09,XGBoost,lower_95,126.67232513427734
2026-08-11T06:41:42,Site K,2026-06,2026-09,XGBoost,upper_95,136.4821319580078
2026-08-11T06:41:42,Site K,2026-06,2026-10,XGBoost,forecast_flowrate,130.40811157226562
2026-08-11T06:41:42,Site K,2026-06,2026-10,XGBoost,lower_95,125.50321197509766
2026-08-11T06:41:42,Site K,2026-06,2026-10,XGBoost,upper_95,135.31301879882812
2026-08-11T06:41:42,Site K,2026-06,2026-11,XGBoost,forecast_flowrate,125.3435287475586
2026-08-11T06:41:42,Site K,2026-06,2026-11,XGBoost,lower_95,120.43862915039062
2026-08-11T06:41:42,Site K,2026-06,2026-11,XGBoost,upper_95,130.24842834472656
2026-08-11T06:41:42,Site K,2026-06,2026-12,XGBoost,forecast_flowrate,123.90362548828124
2026-08-11T06:41:42,Site K,2026-06,2026-12,XGBoost,lower_95,118.99872589111328
2026-08-11T06:41:42,Site K,2026-06,2026-12,XGBoost,upper_95,128.80853271484375
2026-08-11T06:41:47,Site K,2026-06,2026-07,XGBoost,forecast_flowrate,138.0462188720703
2026-08-11T06:41:47,Site K,2026-06,2026-07,XGBoost,lower_95,133.1413116455078
2026-08-11T06:41:47,Site K,2026-06,2026-07,XGBoost,upper_95,142.9511260986328
2026-08-11T06:41:47,Site K,2026-06,2026-08,XGBoost,forecast_flowrate,136.3219451904297
2026-08-11T06:41:47,Site K,2026-06,2026-08,XGBoost,lower_95,131.4170379638672
2026-08-11T06:41:47,Site K,2026-06,2026-08,XGBoost,upper_95,141.2268524169922
2026-08-11T06:41:47,Site K,2026-06,2026-09,XGBoost,forecast_flowrate,131.5772247314453
2026-08-11T06:41:47,Site K,2026-06,2026-09,XGBoost,lower_95,126.67232513427734
2026-08-11T06:41:47,Site K,2026-06,2026-09,XGBoost,upper_95,136.4821319580078
2026-08-11T06:41:47,Site K,2026-06,2026-10,XGBoost,forecast_flowrate,130.40811157226562
2026-08-11T06:41:47,Site K,2026-06,2026-10,XGBoost,lower_95,125.50321197509766
2026-08-11T06:41:47,Site K,2026-06,2026-10,XGBoost,upper_95,135.31301879882812
2026-08-11T06:41:47,Site K,2026-06,2026-11,XGBoost,forecast_flowrate,125.3435287475586
2026-08-11T06:41:47,Site K,2026-06,2026-11,XGBoost,lower_95,120.43862915039062
2026-08-11T06:41:47,Site K,2026-06,2026-11,XGBoost,upper_95,130.24842834472656
2026-08-11T06:41:47,Site K,2026-06,2026-12,XGBoost,forecast_flowrate,123.90362548828124
2026-08-11T06:41:47,Site K,2026-06,2026-12,XGBoost,lower_95,118.99872589111328
2026-08-11T06:41:47,Site K,2026-06,2026-12,XGBoost,upper_95,128.80853271484375
2026-08-11T06:41:47,Site K,2026-06,2027-01,XGBoost,forecast_flowrate,120.76748657226562
2026-08-11T06:41:47,Site K,2026-06,2027-01,XGBoost,lower_95,115.86258697509766
2026-08-11T06:41:47,Site K,2026-06,2027-01,XGBoost,upper_95,125.6723861694336
2026-08-11T06:41:47,Site K,2026-06,2027-02,XGBoost,forecast_flowrate,120.9179916381836
2026-08-11T06:41:47,Site K,2026-06,2027-02,XGBoost,lower_95,116.01309204101562
2026-08-11T06:41:47,Site K,2026-06,2027-02,XGBoost,upper_95,125.82289123535156
2026-08-11T06:41:47,Site K,2026-06,2027-03,XGBoost,forecast_flowrate,120.97628784179688
2026-08-11T06:41:47,Site K,2026-06,2027-03,XGBoost,lower_95,116.0713882446289
2026-08-11T06:41:47,Site K,2026-06,2027-03,XGBoost,upper_95,125.88118743896484
2026-08-11T06:41:47,Site K,2026-06,2027-04,XGBoost,forecast_flowrate,121.12655639648438
2026-08-11T06:41:47,Site K,2026-06,2027-04,XGBoost,lower_95,116.2216567993164
2026-08-11T06:41:47,Site K,2026-06,2027-04,XGBoost,upper_95,126.03145599365234
2026-08-11T06:41:47,Site K,2026-06,2027-05,XGBoost,forecast_flowrate,121.12655639648438
2026-08-11T06:41:47,Site K,2026-06,2027-05,XGBoost,lower_95,116.2216567993164
2026-08-11T06:41:47,Site K,2026-06,2027-05,XGBoost,upper_95,126.03145599365234
2026-08-11T06:41:47,Site K,2026-06,2027-06,XGBoost,forecast_flowrate,121.22544860839844
2026-08-11T06:41:47,Site K,2026-06,2027-06,XGBoost,lower_95,116.32054901123048
2026-08-11T06:41:47,Site K,2026-06,2027-06,XGBoost,upper_95,126.1303482055664
2026-08-12T05:43:40,Site B,2026-06,2026-07,XGBoost,forecast_flowrate,17.254426956176758
2026-08-12T05:43:40,Site B,2026-06,2026-07,XGBoost,lower_95,11.116336822509766
2026-08-12T05:43:40,Site B,2026-06,2026-07,XGBoost,upper_95,23.39251708984375
2026-08-12T05:43:40,Site B,2026-06,2026-08,XGBoost,forecast_flowrate,17.192110061645508
2026-08-12T05:43:40,Site B,2026-06,2026-08,XGBoost,lower_95,11.054019927978516
2026-08-12T05:43:40,Site B,2026-06,2026-08,XGBoost,upper_95,23.3302001953125
2026-08-12T05:43:40,Site B,2026-06,2026-09,XGBoost,forecast_flowrate,17.903289794921875
2026-08-12T05:43:40,Site B,2026-06,2026-09,XGBoost,lower_95,11.765199661254885
2026-08-12T05:43:40,Site B,2026-06,2026-09,XGBoost,upper_95,24.041379928588867
2026-08-12T05:43:40,Site B,2026-06,2026-10,XGBoost,forecast_flowrate,19.048215866088867
2026-08-12T05:43:40,Site B,2026-06,2026-10,XGBoost,lower_95,12.910125732421877
2026-08-12T05:43:40,Site B,2026-06,2026-10,XGBoost,upper_95,25.18630599975586
2026-08-12T05:43:40,Site B,2026-06,2026-11,XGBoost,forecast_flowrate,20.741111755371094
2026-08-12T05:43:40,Site B,2026-06,2026-11,XGBoost,lower_95,14.603021621704102
2026-08-12T05:43:40,Site B,2026-06,2026-11,XGBoost,upper_95,26.87920188903809
2026-08-12T05:43:40,Site B,2026-06,2026-12,XGBoost,forecast_flowrate,21.14021110534668
2026-08-12T05:43:40,Site B,2026-06,2026-12,XGBoost,lower_95,15.002120971679688
2026-08-12T05:43:40,Site B,2026-06,2026-12,XGBoost,upper_95,27.278301239013672
2026-08-12T05:43:50,Site K,2026-06,2026-07,XGBoost,forecast_flowrate,138.0462188720703
2026-08-12T05:43:50,Site K,2026-06,2026-07,XGBoost,lower_95,133.1413116455078
2026-08-12T05:43:50,Site K,2026-06,2026-07,XGBoost,upper_95,142.9511260986328
2026-08-12T05:43:50,Site K,2026-06,2026-08,XGBoost,forecast_flowrate,136.3219451904297
2026-08-12T05:43:50,Site K,2026-06,2026-08,XGBoost,lower_95,131.4170379638672
2026-08-12T05:43:50,Site K,2026-06,2026-08,XGBoost,upper_95,141.2268524169922
2026-08-12T05:43:50,Site K,2026-06,2026-09,XGBoost,forecast_flowrate,131.5772247314453
2026-08-12T05:43:50,Site K,2026-06,2026-09,XGBoost,lower_95,126.67232513427734
2026-08-12T05:43:50,Site K,2026-06,2026-09,XGBoost,upper_95,136.4821319580078
2026-08-12T05:43:50,Site K,2026-06,2026-10,XGBoost,forecast_flowrate,130.40811157226562
2026-08-12T05:43:50,Site K,2026-06,2026-10,XGBoost,lower_95,125.50321197509766
2026-08-12T05:43:50,Site K,2026-06,2026-10,XGBoost,upper_95,135.31301879882812
2026-08-12T05:43:50,Site K,2026-06,2026-11,XGBoost,forecast_flowrate,125.3435287475586
2026-08-12T05:43:50,Site K,2026-06,2026-11,XGBoost,lower_95,120.43862915039062
2026-08-12T05:43:50,Site K,2026-06,2026-11,XGBoost,upper_95,130.24842834472656
2026-08-12T05:43:50,Site K,2026-06,2026-12,XGBoost,forecast_flowrate,123.90362548828124
2026-08-12T05:43:50,Site K,2026-06,2026-12,XGBoost,lower_95,118.99872589111328
2026-08-12T05:43:50,Site K,2026-06,2026-12,XGBoost,upper_95,128.80853271484375
2026-08-12T05:44:41,Site K,2026-07,2026-08,XGBoost,forecast_flowrate,134.2101593017578
2026-08-12T05:44:41,Site K,2026-07,2026-08,XGBoost,lower_95,127.54393005371094
2026-08-12T05:44:41,Site K,2026-07,2026-08,XGBoost,upper_95,140.8763885498047
2026-08-12T05:44:41,Site K,2026-07,2026-09,XGBoost,forecast_flowrate,129.95712280273438
2026-08-12T05:44:41,Site K,2026-07,2026-09,XGBoost,lower_95,123.2908935546875
2026-08-12T05:44:41,Site K,2026-07,2026-09,XGBoost,upper_95,136.62335205078125
2026-08-12T05:44:41,Site K,2026-07,2026-10,XGBoost,forecast_flowrate,125.70588684082033
2026-08-12T05:44:41,Site K,2026-07,2026-10,XGBoost,lower_95,119.03965759277344
2026-08-12T05:44:41,Site K,2026-07,2026-10,XGBoost,upper_95,132.3721160888672
2026-08-12T05:44:41,Site K,2026-07,2026-11,XGBoost,forecast_flowrate,122.89376068115234
2026-08-12T05:44:41,Site K,2026-07,2026-11,XGBoost,lower_95,116.22753143310548
2026-08-12T05:44:41,Site K,2026-07,2026-11,XGBoost,upper_95,129.55999755859375
2026-08-12T05:44:41,Site K,2026-07,2026-12,XGBoost,forecast_flowrate,119.7356948852539
2026-08-12T05:44:41,Site K,2026-07,2026-12,XGBoost,lower_95,113.06946563720705
2026-08-12T05:44:41,Site K,2026-07,2026-12,XGBoost,upper_95,126.40192413330078
2026-08-12T05:44:41,Site K,2026-07,2027-01,XGBoost,forecast_flowrate,118.04257202148438
2026-08-12T05:44:41,Site K,2026-07,2027-01,XGBoost,lower_95,111.3763427734375
2026-08-12T05:44:41,Site K,2026-07,2027-01,XGBoost,upper_95,124.70880126953124
2026-08-12T05:45:40,Site K,2026-07,2026-08,XGBoost,forecast_flowrate,134.2101593017578
2026-08-12T05:45:40,Site K,2026-07,2026-08,XGBoost,lower_95,127.54393005371094
2026-08-12T05:45:40,Site K,2026-07,2026-08,XGBoost,upper_95,140.8763885498047
2026-08-12T05:45:40,Site K,2026-07,2026-09,XGBoost,forecast_flowrate,129.95712280273438
2026-08-12T05:45:40,Site K,2026-07,2026-09,XGBoost,lower_95,123.2908935546875
2026-08-12T05:45:40,Site K,2026-07,2026-09,XGBoost,upper_95,136.62335205078125
2026-08-12T05:45:40,Site K,2026-07,2026-10,XGBoost,forecast_flowrate,125.70588684082033
2026-08-12T05:45:40,Site K,2026-07,2026-10,XGBoost,lower_95,119.03965759277344
2026-08-12T05:45:40,Site K,2026-07,2026-10,XGBoost,upper_95,132.3721160888672
2026-08-12T05:45:40,Site K,2026-07,2026-11,XGBoost,forecast_flowrate,122.89376068115234
2026-08-12T05:45:40,Site K,2026-07,2026-11,XGBoost,lower_95,116.22753143310548
2026-08-12T05:45:40,Site K,2026-07,2026-11,XGBoost,upper_95,129.55999755859375
2026-08-12T05:45:40,Site K,2026-07,2026-12,XGBoost,forecast_flowrate,119.7356948852539
2026-08-12T05:45:40,Site K,2026-07,2026-12,XGBoost,lower_95,113.06946563720705
2026-08-12T05:45:40,Site K,2026-07,2026-12,XGBoost,upper_95,126.40192413330078
2026-08-12T05:45:40,Site K,2026-07,2027-01,XGBoost,forecast_flowrate,118.04257202148438
2026-08-12T05:45:40,Site K,2026-07,2027-01,XGBoost,lower_95,111.3763427734375
2026-08-12T05:45:40,Site K,2026-07,2027-01,XGBoost,upper_95,124.70880126953124
2026-08-12T05:45:40,Site K,2026-07,2027-02,XGBoost,forecast_flowrate,118.00592803955078
2026-08-12T05:45:40,Site K,2026-07,2027-02,XGBoost,lower_95,111.3396987915039
2026-08-12T05:45:40,Site K,2026-07,2027-02,XGBoost,upper_95,124.67215728759766
2026-08-12T05:45:40,Site K,2026-07,2027-03,XGBoost,forecast_flowrate,118.0372085571289
2026-08-12T05:45:40,Site K,2026-07,2027-03,XGBoost,lower_95,111.37097930908205
2026-08-12T05:45:40,Site K,2026-07,2027-03,XGBoost,upper_95,124.70343780517578
2026-08-12T05:45:40,Site K,2026-07,2027-04,XGBoost,forecast_flowrate,118.0372085571289
2026-08-12T05:45:40,Site K,2026-07,2027-04,XGBoost,lower_95,111.37097930908205
2026-08-12T05:45:40,Site K,2026-07,2027-04,XGBoost,upper_95,124.70343780517578
2026-08-12T05:45:40,Site K,2026-07,2027-05,XGBoost,forecast_flowrate,118.0372085571289
2026-08-12T05:45:40,Site K,2026-07,2027-05,XGBoost,lower_95,111.37097930908205
2026-08-12T05:45:40,Site K,2026-07,2027-05,XGBoost,upper_95,124.70343780517578
2026-08-12T05:45:40,Site K,2026-07,2027-06,XGBoost,forecast_flowrate,118.0475082397461
2026-08-12T05:45:40,Site K,2026-07,2027-06,XGBoost,lower_95,111.38127899169922
2026-08-12T05:45:40,Site K,2026-07,2027-06,XGBoost,upper_95,124.71373748779295
2026-08-12T05:45:40,Site K,2026-07,2027-07,XGBoost,forecast_flowrate,118.0475082397461
2026-08-12T05:45:40,Site K,2026-07,2027-07,XGBoost,lower_95,111.38127899169922
2026-08-12T05:45:40,Site K,2026-07,2027-07,XGBoost,upper_95,124.71373748779295
2026-08-12T05:45:48,Site K,2026-07,2026-08,ML (Ensemble RF+GBR),forecast_flowrate,136.99051424814385
2026-08-12T05:45:48,Site K,2026-07,2026-08,ML (Ensemble RF+GBR),lower_95,132.20350168548518
2026-08-12T05:45:48,Site K,2026-07,2026-08,ML (Ensemble RF+GBR),upper_95,141.77752681080253
2026-08-12T05:45:48,Site K,2026-07,2026-09,ML (Ensemble RF+GBR),forecast_flowrate,132.5681938927355
2026-08-12T05:45:48,Site K,2026-07,2026-09,ML (Ensemble RF+GBR),lower_95,127.78118133007683
2026-08-12T05:45:48,Site K,2026-07,2026-09,ML (Ensemble RF+GBR),upper_95,137.35520645539418
2026-08-12T05:45:48,Site K,2026-07,2026-10,ML (Ensemble RF+GBR),forecast_flowrate,130.22316440527797
2026-08-12T05:45:48,Site K,2026-07,2026-10,ML (Ensemble RF+GBR),lower_95,125.4361518426193
2026-08-12T05:45:48,Site K,2026-07,2026-10,ML (Ensemble RF+GBR),upper_95,135.01017696793664
2026-08-12T05:45:48,Site K,2026-07,2026-11,ML (Ensemble RF+GBR),forecast_flowrate,124.984420413075
2026-08-12T05:45:48,Site K,2026-07,2026-11,ML (Ensemble RF+GBR),lower_95,120.19740785041634
2026-08-12T05:45:48,Site K,2026-07,2026-11,ML (Ensemble RF+GBR),upper_95,129.7714329757337
2026-08-12T05:45:48,Site K,2026-07,2026-12,ML (Ensemble RF+GBR),forecast_flowrate,123.48777189713212
2026-08-12T05:45:48,Site K,2026-07,2026-12,ML (Ensemble RF+GBR),lower_95,118.70075933447346
2026-08-12T05:45:48,Site K,2026-07,2026-12,ML (Ensemble RF+GBR),upper_95,128.27478445979082
2026-08-12T05:45:48,Site K,2026-07,2027-01,ML (Ensemble RF+GBR),forecast_flowrate,120.06708478864203
2026-08-12T05:45:48,Site K,2026-07,2027-01,ML (Ensemble RF+GBR),lower_95,115.28007222598336
2026-08-12T05:45:48,Site K,2026-07,2027-01,ML (Ensemble RF+GBR),upper_95,124.85409735130072
2026-08-12T05:45:48,Site K,2026-07,2027-02,ML (Ensemble RF+GBR),forecast_flowrate,118.13298304265692
2026-08-12T05:45:48,Site K,2026-07,2027-02,ML (Ensemble RF+GBR),lower_95,113.34597047999824
2026-08-12T05:45:48,Site K,2026-07,2027-02,ML (Ensemble RF+GBR),upper_95,122.9199956053156
2026-08-12T05:45:48,Site K,2026-07,2027-03,ML (Ensemble RF+GBR),forecast_flowrate,119.27250753099212
2026-08-12T05:45:48,Site K,2026-07,2027-03,ML (Ensemble RF+GBR),lower_95,114.48549496833346
2026-08-12T05:45:48,Site K,2026-07,2027-03,ML (Ensemble RF+GBR),upper_95,124.0595200936508
2026-08-12T05:45:48,Site K,2026-07,2027-04,ML (Ensemble RF+GBR),forecast_flowrate,119.32200656693962
2026-08-12T05:45:48,Site K,2026-07,2027-04,ML (Ensemble RF+GBR),lower_95,114.53499400428096
2026-08-12T05:45:48,Site K,2026-07,2027-04,ML (Ensemble RF+GBR),upper_95,124.1090191295983
2026-08-12T05:45:48,Site K,2026-07,2027-05,ML (Ensemble RF+GBR),forecast_flowrate,119.36125656693964
2026-08-12T05:45:48,Site K,2026-07,2027-05,ML (Ensemble RF+GBR),lower_95,114.57424400428096
2026-08-12T05:45:48,Site K,2026-07,2027-05,ML (Ensemble RF+GBR),upper_95,124.1482691295983
2026-08-12T05:45:48,Site K,2026-07,2027-06,ML (Ensemble RF+GBR),forecast_flowrate,119.38075656693962
2026-08-12T05:45:48,Site K,2026-07,2027-06,ML (Ensemble RF+GBR),lower_95,114.59374400428096
2026-08-12T05:45:48,Site K,2026-07,2027-06,ML (Ensemble RF+GBR),upper_95,124.1677691295983
2026-08-12T05:45:48,Site K,2026-07,2027-07,ML (Ensemble RF+GBR),forecast_flowrate,119.35373156693962
2026-08-12T05:45:48,Site K,2026-07,2027-07,ML (Ensemble RF+GBR),lower_95,114.56671900428094
2026-08-12T05:45:48,Site K,2026-07,2027-07,ML (Ensemble RF+GBR),upper_95,124.14074412959827
2026-08-12T05:46:12,Site K,2026-07,2026-08,SARIMAX,forecast_flowrate,138.60093799749689
2026-08-12T05:46:12,Site K,2026-07,2026-08,SARIMAX,lower_95,134.88406865021253
2026-08-12T05:46:12,Site K,2026-07,2026-08,SARIMAX,upper_95,142.31780734478124
2026-08-12T05:46:12,Site K,2026-07,2026-09,SARIMAX,forecast_flowrate,135.10831069810013
2026-08-12T05:46:12,Site K,2026-07,2026-09,SARIMAX,lower_95,128.18918503987197
2026-08-12T05:46:12,Site K,2026-07,2026-09,SARIMAX,upper_95,142.02743635632828
2026-08-12T05:46:12,Site K,2026-07,2026-10,SARIMAX,forecast_flowrate,132.92578460616448
2026-08-12T05:46:12,Site K,2026-07,2026-10,SARIMAX,lower_95,123.3552482918534
2026-08-12T05:46:12,Site K,2026-07,2026-10,SARIMAX,upper_95,142.49632092047557
2026-08-12T05:46:12,Site K,2026-07,2026-11,SARIMAX,forecast_flowrate,131.10588621248704
2026-08-12T05:46:12,Site K,2026-07,2026-11,SARIMAX,lower_95,119.5880473776112
2026-08-12T05:46:12,Site K,2026-07,2026-11,SARIMAX,upper_95,142.62372504736288
2026-08-12T05:46:12,Site K,2026-07,2026-12,SARIMAX,forecast_flowrate,130.9527056567875
2026-08-12T05:46:12,Site K,2026-07,2026-12,SARIMAX,lower_95,118.14403561853518
2026-08-12T05:46:12,Site K,2026-07,2026-12,SARIMAX,upper_95,143.7613756950398
2026-08-12T05:46:12,Site K,2026-07,2027-01,SARIMAX,forecast_flowrate,131.51251173257413
2026-08-12T05:46:12,Site K,2026-07,2027-01,SARIMAX,lower_95,117.92627261444304
2026-08-12T05:46:12,Site K,2026-07,2027-01,SARIMAX,upper_95,145.0987508507052
2026-08-12T05:46:12,Site K,2026-07,2027-02,SARIMAX,forecast_flowrate,131.0163665404928
2026-08-12T05:46:12,Site K,2026-07,2027-02,SARIMAX,lower_95,117.00125749143824
2026-08-12T05:46:12,Site K,2026-07,2027-02,SARIMAX,upper_95,145.03147558954737
2026-08-12T05:46:12,Site K,2026-07,2027-03,SARIMAX,forecast_flowrate,131.72884043476492
2026-08-12T05:46:12,Site K,2026-07,2027-03,SARIMAX,lower_95,117.49283103937027
2026-08-12T05:46:12,Site K,2026-07,2027-03,SARIMAX,upper_95,145.96484983015955
2026-08-12T05:46:12,Site K,2026-07,2027-04,SARIMAX,forecast_flowrate,133.20285721194034
2026-08-12T05:46:12,Site K,2026-07,2027-04,SARIMAX,lower_95,118.8552918796102
2026-08-12T05:46:12,Site K,2026-07,2027-04,SARIMAX,upper_95,147.5504225442705
2026-08-12T05:46:12,Site K,2026-07,2027-05,SARIMAX,forecast_flowrate,135.20586433815632
2026-08-12T05:46:12,Site K,2026-07,2027-05,SARIMAX,lower_95,120.7973821100678
2026-08-12T05:46:12,Site K,2026-07,2027-05,SARIMAX,upper_95,149.61434656624485
2026-08-12T05:46:12,Site K,2026-07,2027-06,SARIMAX,forecast_flowrate,135.6893988161537
2026-08-12T05:46:12,Site K,2026-07,2027-06,SARIMAX,lower_95,121.23948116876478
2026-08-12T05:46:12,Site K,2026-07,2027-06,SARIMAX,upper_95,150.13931646354263
2026-08-12T05:46:12,Site K,2026-07,2027-07,SARIMAX,forecast_flowrate,135.3873233725762
2026-08-12T05:46:12,Site K,2026-07,2027-07,SARIMAX,lower_95,120.89897795332855
2026-08-12T05:46:12,Site K,2026-07,2027-07,SARIMAX,upper_95,149.8756687918238
2026-08-12T05:49:14,Site L,2026-06,2026-07,XGBoost,forecast_flowrate,79.49041748046875
2026-08-12T05:49:14,Site L,2026-06,2026-07,XGBoost,lower_95,77.28360748291016
2026-08-12T05:49:14,Site L,2026-06,2026-07,XGBoost,upper_95,81.69722747802734
2026-08-12T05:49:14,Site L,2026-06,2026-08,XGBoost,forecast_flowrate,77.6449966430664
2026-08-12T05:49:14,Site L,2026-06,2026-08,XGBoost,lower_95,75.43818664550781
2026-08-12T05:49:14,Site L,2026-06,2026-08,XGBoost,upper_95,79.851806640625
2026-08-12T05:49:14,Site L,2026-06,2026-09,XGBoost,forecast_flowrate,76.99906158447266
2026-08-12T05:49:14,Site L,2026-06,2026-09,XGBoost,lower_95,74.79225158691406
2026-08-12T05:49:14,Site L,2026-06,2026-09,XGBoost,upper_95,79.20587158203125
2026-08-12T05:49:14,Site L,2026-06,2026-10,XGBoost,forecast_flowrate,76.72491455078125
2026-08-12T05:49:14,Site L,2026-06,2026-10,XGBoost,lower_95,74.51810455322266
2026-08-12T05:49:14,Site L,2026-06,2026-10,XGBoost,upper_95,78.93172454833984
2026-08-12T05:49:14,Site L,2026-06,2026-11,XGBoost,forecast_flowrate,76.00404357910156
2026-08-12T05:49:14,Site L,2026-06,2026-11,XGBoost,lower_95,73.79723358154297
2026-08-12T05:49:14,Site L,2026-06,2026-11,XGBoost,upper_95,78.21085357666016
2026-08-12T05:49:14,Site L,2026-06,2026-12,XGBoost,forecast_flowrate,74.23109436035156
2026-08-12T05:49:14,Site L,2026-06,2026-12,XGBoost,lower_95,72.02428436279297
2026-08-12T05:49:14,Site L,2026-06,2026-12,XGBoost,upper_95,76.43790435791016
2026-08-12T05:50:09,Site L,2026-07,2026-08,XGBoost,forecast_flowrate,77.21662902832031
2026-08-12T05:50:09,Site L,2026-07,2026-08,XGBoost,lower_95,73.22152709960938
2026-08-12T05:50:09,Site L,2026-07,2026-08,XGBoost,upper_95,81.21173095703125
2026-08-12T05:50:09,Site L,2026-07,2026-09,XGBoost,forecast_flowrate,76.22557067871094
2026-08-12T05:50:09,Site L,2026-07,2026-09,XGBoost,lower_95,72.23046875
2026-08-12T05:50:09,Site L,2026-07,2026-09,XGBoost,upper_95,80.22067260742188
2026-08-12T05:50:09,Site L,2026-07,2026-10,XGBoost,forecast_flowrate,74.54652404785156
2026-08-12T05:50:09,Site L,2026-07,2026-10,XGBoost,lower_95,70.55142211914062
2026-08-12T05:50:09,Site L,2026-07,2026-10,XGBoost,upper_95,78.5416259765625
2026-08-12T05:50:09,Site L,2026-07,2026-11,XGBoost,forecast_flowrate,73.73583221435547
2026-08-12T05:50:09,Site L,2026-07,2026-11,XGBoost,lower_95,69.74073028564453
2026-08-12T05:50:09,Site L,2026-07,2026-11,XGBoost,upper_95,77.7309341430664
2026-08-12T05:50:09,Site L,2026-07,2026-12,XGBoost,forecast_flowrate,73.4981918334961
2026-08-12T05:50:09,Site L,2026-07,2026-12,XGBoost,lower_95,69.50308990478516
2026-08-12T05:50:09,Site L,2026-07,2026-12,XGBoost,upper_95,77.49329376220703
2026-08-12T05:50:09,Site L,2026-07,2027-01,XGBoost,forecast_flowrate,73.9736328125
2026-08-12T05:50:09,Site L,2026-07,2027-01,XGBoost,lower_95,69.97853088378906
2026-08-12T05:50:09,Site L,2026-07,2027-01,XGBoost,upper_95,77.96873474121094
2026-08-12T05:50:39,Site L,2026-07,2026-08,SARIMAX,forecast_flowrate,77.5070963548183
2026-08-12T05:50:39,Site L,2026-07,2026-08,SARIMAX,lower_95,73.69894530290044
2026-08-12T05:50:39,Site L,2026-07,2026-08,SARIMAX,upper_95,81.31524740673616
2026-08-12T05:50:39,Site L,2026-07,2026-09,SARIMAX,forecast_flowrate,78.74627742784618
2026-08-12T05:50:39,Site L,2026-07,2026-09,SARIMAX,lower_95,74.05690403456701
2026-08-12T05:50:39,Site L,2026-07,2026-09,SARIMAX,upper_95,83.43565082112535
2026-08-12T05:50:39,Site L,2026-07,2026-10,SARIMAX,forecast_flowrate,77.84689267023934
2026-08-12T05:50:39,Site L,2026-07,2026-10,SARIMAX,lower_95,72.72696343374628
2026-08-12T05:50:39,Site L,2026-07,2026-10,SARIMAX,upper_95,82.9668219067324
2026-08-12T05:50:39,Site L,2026-07,2026-11,SARIMAX,forecast_flowrate,78.35999534986104
2026-08-12T05:50:39,Site L,2026-07,2026-11,SARIMAX,lower_95,72.99356843499093
2026-08-12T05:50:39,Site L,2026-07,2026-11,SARIMAX,upper_95,83.72642226473114
2026-08-12T05:50:39,Site L,2026-07,2026-12,SARIMAX,forecast_flowrate,78.98778641001715
2026-08-12T05:50:39,Site L,2026-07,2026-12,SARIMAX,lower_95,73.46300386379093
2026-08-12T05:50:39,Site L,2026-07,2026-12,SARIMAX,upper_95,84.51256895624337
2026-08-12T05:50:39,Site L,2026-07,2027-01,SARIMAX,forecast_flowrate,78.9071329222575
2026-08-12T05:50:39,Site L,2026-07,2027-01,SARIMAX,lower_95,73.27015382651915
2026-08-12T05:50:39,Site L,2026-07,2027-01,SARIMAX,upper_95,84.54411201799586
2026-08-12T05:52:24,Site L,2026-07,2026-08,ML (Ensemble RF+GBR),forecast_flowrate,77.8834303918338
2026-08-12T05:52:24,Site L,2026-07,2026-08,ML (Ensemble RF+GBR),lower_95,74.23811164210268
2026-08-12T05:52:24,Site L,2026-07,2026-08,ML (Ensemble RF+GBR),upper_95,81.52874914156492
2026-08-12T05:52:24,Site L,2026-07,2026-09,ML (Ensemble RF+GBR),forecast_flowrate,77.28100161027604
2026-08-12T05:52:24,Site L,2026-07,2026-09,ML (Ensemble RF+GBR),lower_95,73.63568286054492
2026-08-12T05:52:24,Site L,2026-07,2026-09,ML (Ensemble RF+GBR),upper_95,80.92632036000715
2026-08-12T05:52:24,Site L,2026-07,2026-10,ML (Ensemble RF+GBR),forecast_flowrate,77.23187037336737
2026-08-12T05:52:24,Site L,2026-07,2026-10,ML (Ensemble RF+GBR),lower_95,73.58655162363625
2026-08-12T05:52:24,Site L,2026-07,2026-10,ML (Ensemble RF+GBR),upper_95,80.87718912309849
2026-08-12T05:52:24,Site L,2026-07,2026-11,ML (Ensemble RF+GBR),forecast_flowrate,77.44987067990965
2026-08-12T05:52:24,Site L,2026-07,2026-11,ML (Ensemble RF+GBR),lower_95,73.80455193017853
2026-08-12T05:52:24,Site L,2026-07,2026-11,ML (Ensemble RF+GBR),upper_95,81.09518942964077
2026-08-12T05:52:24,Site L,2026-07,2026-12,ML (Ensemble RF+GBR),forecast_flowrate,76.75366039006579
2026-08-12T05:52:24,Site L,2026-07,2026-12,ML (Ensemble RF+GBR),lower_95,73.10834164033467
2026-08-12T05:52:24,Site L,2026-07,2026-12,ML (Ensemble RF+GBR),upper_95,80.39897913979691
2026-08-12T05:52:24,Site L,2026-07,2027-01,ML (Ensemble RF+GBR),forecast_flowrate,76.58718699312814
2026-08-12T05:52:24,Site L,2026-07,2027-01,ML (Ensemble RF+GBR),lower_95,72.94186824339702
2026-08-12T05:52:24,Site L,2026-07,2027-01,ML (Ensemble RF+GBR),upper_95,80.23250574285926
2026-08-12T05:53:08,Site L,2026-07,2026-08,ML (Ensemble RF+GBR),forecast_flowrate,77.8834303918338
2026-08-12T05:53:08,Site L,2026-07,2026-08,ML (Ensemble RF+GBR),lower_95,74.23811164210268
2026-08-12T05:53:08,Site L,2026-07,2026-08,ML (Ensemble RF+GBR),upper_95,81.52874914156492
2026-08-12T05:53:08,Site L,2026-07,2026-09,ML (Ensemble RF+GBR),forecast_flowrate,77.28100161027604
2026-08-12T05:53:08,Site L,2026-07,2026-09,ML (Ensemble RF+GBR),lower_95,73.63568286054492
2026-08-12T05:53:08,Site L,2026-07,2026-09,ML (Ensemble RF+GBR),upper_95,80.92632036000715
2026-08-12T05:53:08,Site L,2026-07,2026-10,ML (Ensemble RF+GBR),forecast_flowrate,77.23187037336737
2026-08-12T05:53:08,Site L,2026-07,2026-10,ML (Ensemble RF+GBR),lower_95,73.58655162363625
2026-08-12T05:53:08,Site L,2026-07,2026-10,ML (Ensemble RF+GBR),upper_95,80.87718912309849
2026-08-12T05:53:08,Site L,2026-07,2026-11,ML (Ensemble RF+GBR),forecast_flowrate,77.44987067990965
2026-08-12T05:53:08,Site L,2026-07,2026-11,ML (Ensemble RF+GBR),lower_95,73.80455193017853
2026-08-12T05:53:08,Site L,2026-07,2026-11,ML (Ensemble RF+GBR),upper_95,81.09518942964077
2026-08-12T05:53:08,Site L,2026-07,2026-12,ML (Ensemble RF+GBR),forecast_flowrate,76.75366039006579
2026-08-12T05:53:08,Site L,2026-07,2026-12,ML (Ensemble RF+GBR),lower_95,73.10834164033467
2026-08-12T05:53:08,Site L,2026-07,2026-12,ML (Ensemble RF+GBR),upper_95,80.39897913979691
2026-08-12T05:53:08,Site L,2026-07,2027-01,ML (Ensemble RF+GBR),forecast_flowrate,76.58718699312814
2026-08-12T05:53:08,Site L,2026-07,2027-01,ML (Ensemble RF+GBR),lower_95,72.94186824339702
2026-08-12T05:53:08,Site L,2026-07,2027-01,ML (Ensemble RF+GBR),upper_95,80.23250574285926
2026-08-12T05:53:08,Site L,2026-07,2027-02,ML (Ensemble RF+GBR),forecast_flowrate,76.96126140980681
2026-08-12T05:53:08,Site L,2026-07,2027-02,ML (Ensemble RF+GBR),lower_95,73.31594266007569
2026-08-12T05:53:08,Site L,2026-07,2027-02,ML (Ensemble RF+GBR),upper_95,80.60658015953793
2026-08-12T05:53:08,Site L,2026-07,2027-03,ML (Ensemble RF+GBR),forecast_flowrate,76.82707185739767
2026-08-12T05:53:08,Site L,2026-07,2027-03,ML (Ensemble RF+GBR),lower_95,73.18175310766655
2026-08-12T05:53:08,Site L,2026-07,2027-03,ML (Ensemble RF+GBR),upper_95,80.47239060712879
2026-08-12T05:53:08,Site L,2026-07,2027-04,ML (Ensemble RF+GBR),forecast_flowrate,76.76610961788316
2026-08-12T05:53:08,Site L,2026-07,2027-04,ML (Ensemble RF+GBR),lower_95,73.12079086815204
2026-08-12T05:53:08,Site L,2026-07,2027-04,ML (Ensemble RF+GBR),upper_95,80.41142836761428
2026-08-12T06:07:41,Site L,2026-07,2026-08,XGBoost,forecast_flowrate,77.21662902832031
2026-08-12T06:07:41,Site L,2026-07,2026-08,XGBoost,lower_95,73.22152709960938
2026-08-12T06:07:41,Site L,2026-07,2026-08,XGBoost,upper_95,81.21173095703125
2026-08-12T06:07:41,Site L,2026-07,2026-09,XGBoost,forecast_flowrate,76.22557067871094
2026-08-12T06:07:41,Site L,2026-07,2026-09,XGBoost,lower_95,72.23046875
2026-08-12T06:07:41,Site L,2026-07,2026-09,XGBoost,upper_95,80.22067260742188
2026-08-12T06:07:41,Site L,2026-07,2026-10,XGBoost,forecast_flowrate,74.54652404785156
2026-08-12T06:07:41,Site L,2026-07,2026-10,XGBoost,lower_95,70.55142211914062
2026-08-12T06:07:41,Site L,2026-07,2026-10,XGBoost,upper_95,78.5416259765625
2026-08-12T06:07:41,Site L,2026-07,2026-11,XGBoost,forecast_flowrate,73.73583221435547
2026-08-12T06:07:41,Site L,2026-07,2026-11,XGBoost,lower_95,69.74073028564453
2026-08-12T06:07:41,Site L,2026-07,2026-11,XGBoost,upper_95,77.7309341430664
2026-08-12T06:07:41,Site L,2026-07,2026-12,XGBoost,forecast_flowrate,73.4981918334961
2026-08-12T06:07:41,Site L,2026-07,2026-12,XGBoost,lower_95,69.50308990478516
2026-08-12T06:07:41,Site L,2026-07,2026-12,XGBoost,upper_95,77.49329376220703
2026-08-12T06:07:41,Site L,2026-07,2027-01,XGBoost,forecast_flowrate,73.9736328125
2026-08-12T06:07:41,Site L,2026-07,2027-01,XGBoost,lower_95,69.97853088378906
2026-08-12T06:07:41,Site L,2026-07,2027-01,XGBoost,upper_95,77.96873474121094
2026-08-12T06:07:41,Site L,2026-07,2027-02,XGBoost,forecast_flowrate,74.1272201538086
2026-08-12T06:07:41,Site L,2026-07,2027-02,XGBoost,lower_95,70.13211822509766
2026-08-12T06:07:41,Site L,2026-07,2027-02,XGBoost,upper_95,78.12232208251953
2026-08-12T06:07:41,Site L,2026-07,2027-03,XGBoost,forecast_flowrate,74.07689666748047
2026-08-12T06:07:41,Site L,2026-07,2027-03,XGBoost,lower_95,70.08179473876953
2026-08-12T06:07:41,Site L,2026-07,2027-03,XGBoost,upper_95,78.0719985961914
2026-08-12T06:07:41,Site L,2026-07,2027-04,XGBoost,forecast_flowrate,73.47990417480469
2026-08-12T06:07:41,Site L,2026-07,2027-04,XGBoost,lower_95,69.48480224609375
2026-08-12T06:07:41,Site L,2026-07,2027-04,XGBoost,upper_95,77.47500610351562
2026-08-12T06:07:42,Site L,2026-07,2026-08,XGBoost,forecast_flowrate,77.21662902832031
2026-08-12T06:07:42,Site L,2026-07,2026-08,XGBoost,lower_95,73.22152709960938
2026-08-12T06:07:42,Site L,2026-07,2026-08,XGBoost,upper_95,81.21173095703125
2026-08-12T06:07:42,Site L,2026-07,2026-09,XGBoost,forecast_flowrate,76.22557067871094
2026-08-12T06:07:42,Site L,2026-07,2026-09,XGBoost,lower_95,72.23046875
2026-08-12T06:07:42,Site L,2026-07,2026-09,XGBoost,upper_95,80.22067260742188
2026-08-12T06:07:42,Site L,2026-07,2026-10,XGBoost,forecast_flowrate,74.54652404785156
2026-08-12T06:07:42,Site L,2026-07,2026-10,XGBoost,lower_95,70.55142211914062
2026-08-12T06:07:42,Site L,2026-07,2026-10,XGBoost,upper_95,78.5416259765625
2026-08-12T06:07:42,Site L,2026-07,2026-11,XGBoost,forecast_flowrate,73.73583221435547
2026-08-12T06:07:42,Site L,2026-07,2026-11,XGBoost,lower_95,69.74073028564453
2026-08-12T06:07:42,Site L,2026-07,2026-11,XGBoost,upper_95,77.7309341430664
2026-08-12T06:07:42,Site L,2026-07,2026-12,XGBoost,forecast_flowrate,73.4981918334961
2026-08-12T06:07:42,Site L,2026-07,2026-12,XGBoost,lower_95,69.50308990478516
2026-08-12T06:07:42,Site L,2026-07,2026-12,XGBoost,upper_95,77.49329376220703
2026-08-12T06:07:42,Site L,2026-07,2027-01,XGBoost,forecast_flowrate,73.9736328125
2026-08-12T06:07:42,Site L,2026-07,2027-01,XGBoost,lower_95,69.97853088378906
2026-08-12T06:07:42,Site L,2026-07,2027-01,XGBoost,upper_95,77.96873474121094
2026-08-12T06:07:42,Site L,2026-07,2027-02,XGBoost,forecast_flowrate,74.1272201538086
2026-08-12T06:07:42,Site L,2026-07,2027-02,XGBoost,lower_95,70.13211822509766
2026-08-12T06:07:42,Site L,2026-07,2027-02,XGBoost,upper_95,78.12232208251953
2026-08-12T06:07:42,Site L,2026-07,2027-03,XGBoost,forecast_flowrate,74.07689666748047
2026-08-12T06:07:42,Site L,2026-07,2027-03,XGBoost,lower_95,70.08179473876953
2026-08-12T06:07:42,Site L,2026-07,2027-03,XGBoost,upper_95,78.0719985961914
2026-08-12T06:07:42,Site L,2026-07,2027-04,XGBoost,forecast_flowrate,73.47990417480469
2026-08-12T06:07:42,Site L,2026-07,2027-04,XGBoost,lower_95,69.48480224609375
2026-08-12T06:07:42,Site L,2026-07,2027-04,XGBoost,upper_95,77.47500610351562
2026-08-12T06:08:12,Site M,2026-06,2026-07,XGBoost,forecast_flowrate,7.687701225280762
2026-08-12T06:08:12,Site M,2026-06,2026-07,XGBoost,lower_95,6.415612697601318
2026-08-12T06:08:12,Site M,2026-06,2026-07,XGBoost,upper_95,8.959789276123047
2026-08-12T06:08:12,Site M,2026-06,2026-08,XGBoost,forecast_flowrate,7.735994338989258
2026-08-12T06:08:12,Site M,2026-06,2026-08,XGBoost,lower_95,6.463905811309815
2026-08-12T06:08:12,Site M,2026-06,2026-08,XGBoost,upper_95,9.00808334350586
2026-08-12T06:08:12,Site M,2026-06,2026-09,XGBoost,forecast_flowrate,7.523682117462158
2026-08-12T06:08:12,Site M,2026-06,2026-09,XGBoost,lower_95,6.251593589782715
2026-08-12T06:08:12,Site M,2026-06,2026-09,XGBoost,upper_95,8.795770645141602
2026-08-12T06:08:12,Site M,2026-06,2026-10,XGBoost,forecast_flowrate,7.583036422729492
2026-08-12T06:08:12,Site M,2026-06,2026-10,XGBoost,lower_95,6.310947895050049
2026-08-12T06:08:12,Site M,2026-06,2026-10,XGBoost,upper_95,8.855125427246094
2026-08-12T06:08:12,Site M,2026-06,2026-11,XGBoost,forecast_flowrate,7.198744297027588
2026-08-12T06:08:12,Site M,2026-06,2026-11,XGBoost,lower_95,5.9266557693481445
2026-08-12T06:08:12,Site M,2026-06,2026-11,XGBoost,upper_95,8.470832824707031
2026-08-12T06:08:12,Site M,2026-06,2026-12,XGBoost,forecast_flowrate,7.005563259124756
2026-08-12T06:08:12,Site M,2026-06,2026-12,XGBoost,lower_95,5.7334747314453125
2026-08-12T06:08:12,Site M,2026-06,2026-12,XGBoost,upper_95,8.2776517868042
2026-08-12T07:00:20,Site B,2026-07,2026-08,ML (Ensemble RF+GBR),forecast_flowrate,17.85132602364299
2026-08-12T07:00:20,Site B,2026-07,2026-08,ML (Ensemble RF+GBR),lower_95,11.905928455524723
2026-08-12T07:00:20,Site B,2026-07,2026-08,ML (Ensemble RF+GBR),upper_95,23.796723591761257
2026-08-12T07:00:20,Site B,2026-07,2026-09,ML (Ensemble RF+GBR),forecast_flowrate,16.671294692729994
2026-08-12T07:00:20,Site B,2026-07,2026-09,ML (Ensemble RF+GBR),lower_95,10.725897124611729
2026-08-12T07:00:20,Site B,2026-07,2026-09,ML (Ensemble RF+GBR),upper_95,22.61669226084826
2026-08-12T07:00:20,Site B,2026-07,2026-10,ML (Ensemble RF+GBR),forecast_flowrate,15.959692175200496
2026-08-12T07:00:20,Site B,2026-07,2026-10,ML (Ensemble RF+GBR),lower_95,10.01429460708223
2026-08-12T07:00:20,Site B,2026-07,2026-10,ML (Ensemble RF+GBR),upper_95,21.90508974331876
2026-08-12T07:00:20,Site B,2026-07,2026-11,ML (Ensemble RF+GBR),forecast_flowrate,18.131412790223244
2026-08-12T07:00:20,Site B,2026-07,2026-11,ML (Ensemble RF+GBR),lower_95,12.18601522210498
2026-08-12T07:00:20,Site B,2026-07,2026-11,ML (Ensemble RF+GBR),upper_95,24.07681035834151
2026-08-12T07:00:20,Site B,2026-07,2026-12,ML (Ensemble RF+GBR),forecast_flowrate,17.701175251166955
2026-08-12T07:00:20,Site B,2026-07,2026-12,ML (Ensemble RF+GBR),lower_95,11.75577768304869
2026-08-12T07:00:20,Site B,2026-07,2026-12,ML (Ensemble RF+GBR),upper_95,23.64657281928522
2026-08-12T07:00:20,Site B,2026-07,2027-01,ML (Ensemble RF+GBR),forecast_flowrate,17.141096085955397
2026-08-12T07:00:20,Site B,2026-07,2027-01,ML (Ensemble RF+GBR),lower_95,11.195698517837132
2026-08-12T07:00:20,Site B,2026-07,2027-01,ML (Ensemble RF+GBR),upper_95,23.086493654073664
2026-08-12T07:05:39,Site T,2026-07,2026-08,SARIMAX,forecast_flowrate,15.333952869917727
2026-08-12T07:05:39,Site T,2026-07,2026-08,SARIMAX,lower_95,12.995032053067314
2026-08-12T07:05:39,Site T,2026-07,2026-08,SARIMAX,upper_95,17.672873686768142
2026-08-12T07:05:39,Site T,2026-07,2026-09,SARIMAX,forecast_flowrate,13.65148714562386
2026-08-12T07:05:39,Site T,2026-07,2026-09,SARIMAX,lower_95,10.51612062668624
2026-08-12T07:05:39,Site T,2026-07,2026-09,SARIMAX,upper_95,16.786853664561477
2026-08-12T07:05:39,Site T,2026-07,2026-10,SARIMAX,forecast_flowrate,13.293399388108282
2026-08-12T07:05:39,Site T,2026-07,2026-10,SARIMAX,lower_95,9.526371935506726
2026-08-12T07:05:39,Site T,2026-07,2026-10,SARIMAX,upper_95,17.06042684070984
2026-08-12T07:05:39,Site T,2026-07,2026-11,SARIMAX,forecast_flowrate,13.04505066849724
2026-08-12T07:05:39,Site T,2026-07,2026-11,SARIMAX,lower_95,8.738025192692326
2026-08-12T07:05:39,Site T,2026-07,2026-11,SARIMAX,upper_95,17.352076144302156
2026-08-12T07:05:39,Site T,2026-07,2026-12,SARIMAX,forecast_flowrate,13.645809420061076
2026-08-12T07:05:39,Site T,2026-07,2026-12,SARIMAX,lower_95,8.859324167831488
2026-08-12T07:05:39,Site T,2026-07,2026-12,SARIMAX,upper_95,18.432294672290663
2026-08-12T07:05:39,Site T,2026-07,2027-01,SARIMAX,forecast_flowrate,15.188341008657716
2026-08-12T07:05:39,Site T,2026-07,2027-01,SARIMAX,lower_95,9.96623284332926
2026-08-12T07:05:39,Site T,2026-07,2027-01,SARIMAX,upper_95,20.410449173986173
2026-08-12T07:09:18,Site L,2026-07,2026-08,SARIMAX,forecast_flowrate,77.4245204664789
2026-08-12T07:09:18,Site L,2026-07,2026-08,SARIMAX,lower_95,73.61636941456104
2026-08-12T07:09:18,Site L,2026-07,2026-08,SARIMAX,upper_95,81.23267151839676
2026-08-12T07:09:18,Site L,2026-07,2026-09,SARIMAX,forecast_flowrate,78.60569637253361
2026-08-12T07:09:18,Site L,2026-07,2026-09,SARIMAX,lower_95,73.91632297925445
2026-08-12T07:09:18,Site L,2026-07,2026-09,SARIMAX,upper_95,83.29506976581278
2026-08-12T07:09:18,Site L,2026-07,2026-10,SARIMAX,forecast_flowrate,77.70711980864354
2026-08-12T07:09:18,Site L,2026-07,2026-10,SARIMAX,lower_95,72.58719057215048
2026-08-12T07:09:18,Site L,2026-07,2026-10,SARIMAX,upper_95,82.8270490451366
2026-08-12T07:09:18,Site L,2026-07,2026-11,SARIMAX,forecast_flowrate,78.52810952767157
2026-08-12T07:09:18,Site L,2026-07,2026-11,SARIMAX,lower_95,73.16168261280147
2026-08-12T07:09:18,Site L,2026-07,2026-11,SARIMAX,upper_95,83.89453644254168
2026-08-12T07:09:18,Site L,2026-07,2026-12,SARIMAX,forecast_flowrate,79.25722568176191
2026-08-12T07:09:18,Site L,2026-07,2026-12,SARIMAX,lower_95,73.73244313553569
2026-08-12T07:09:18,Site L,2026-07,2026-12,SARIMAX,upper_95,84.78200822798813
2026-08-12T07:09:18,Site L,2026-07,2027-01,SARIMAX,forecast_flowrate,79.21549998610784
2026-08-12T07:09:18,Site L,2026-07,2027-01,SARIMAX,lower_95,73.57852089036949
2026-08-12T07:09:18,Site L,2026-07,2027-01,SARIMAX,upper_95,84.8524790818462
2026-08-12T07:16:00,Site K,2026-07,2026-08,XGBoost,forecast_flowrate,134.37913513183594
2026-08-12T07:16:00,Site K,2026-07,2026-08,XGBoost,lower_95,127.71290588378906
2026-08-12T07:16:00,Site K,2026-07,2026-08,XGBoost,upper_95,141.0453643798828
2026-08-12T07:16:00,Site K,2026-07,2026-09,XGBoost,forecast_flowrate,130.33372497558594
2026-08-12T07:16:00,Site K,2026-07,2026-09,XGBoost,lower_95,123.66749572753906
2026-08-12T07:16:00,Site K,2026-07,2026-09,XGBoost,upper_95,136.9999542236328
2026-08-12T07:16:00,Site K,2026-07,2026-10,XGBoost,forecast_flowrate,125.65852355957033
2026-08-12T07:16:00,Site K,2026-07,2026-10,XGBoost,lower_95,118.99229431152344
2026-08-12T07:16:00,Site K,2026-07,2026-10,XGBoost,upper_95,132.3247528076172
2026-08-12T07:16:00,Site K,2026-07,2026-11,XGBoost,forecast_flowrate,123.89468383789062
2026-08-12T07:16:00,Site K,2026-07,2026-11,XGBoost,lower_95,117.22845458984376
2026-08-12T07:16:00,Site K,2026-07,2026-11,XGBoost,upper_95,130.5609130859375
2026-08-12T07:16:00,Site K,2026-07,2026-12,XGBoost,forecast_flowrate,122.1366729736328
2026-08-12T07:16:00,Site K,2026-07,2026-12,XGBoost,lower_95,115.47044372558594
2026-08-12T07:16:00,Site K,2026-07,2026-12,XGBoost,upper_95,128.8029022216797
2026-08-12T07:16:00,Site K,2026-07,2027-01,XGBoost,forecast_flowrate,122.2970962524414
2026-08-12T07:16:00,Site K,2026-07,2027-01,XGBoost,lower_95,115.63086700439452
2026-08-12T07:16:00,Site K,2026-07,2027-01,XGBoost,upper_95,128.9633331298828
2026-08-12T07:29:57,Site S,2026-07,2026-08,XGBoost,forecast_flowrate,62.671512603759766
2026-08-12T07:29:57,Site S,2026-07,2026-08,XGBoost,lower_95,61.81912612915039
2026-08-12T07:29:57,Site S,2026-07,2026-08,XGBoost,upper_95,63.52389907836914
2026-08-12T07:29:57,Site S,2026-07,2026-09,XGBoost,forecast_flowrate,62.7082633972168
2026-08-12T07:29:57,Site S,2026-07,2026-09,XGBoost,lower_95,61.85587692260742
2026-08-12T07:29:57,Site S,2026-07,2026-09,XGBoost,upper_95,63.56064987182617
2026-08-12T07:29:57,Site S,2026-07,2026-10,XGBoost,forecast_flowrate,62.57715606689453
2026-08-12T07:29:57,Site S,2026-07,2026-10,XGBoost,lower_95,61.72476959228516
2026-08-12T07:29:57,Site S,2026-07,2026-10,XGBoost,upper_95,63.42954254150391
2026-08-12T07:29:57,Site S,2026-07,2026-11,XGBoost,forecast_flowrate,61.51469802856445
2026-08-12T07:29:57,Site S,2026-07,2026-11,XGBoost,lower_95,60.66231155395508
2026-08-12T07:29:57,Site S,2026-07,2026-11,XGBoost,upper_95,62.36708450317383
2026-08-12T07:29:57,Site S,2026-07,2026-12,XGBoost,forecast_flowrate,61.32172393798828
2026-08-12T07:29:57,Site S,2026-07,2026-12,XGBoost,lower_95,60.469337463378906
2026-08-12T07:29:57,Site S,2026-07,2026-12,XGBoost,upper_95,62.174110412597656
2026-08-12T07:29:57,Site S,2026-07,2027-01,XGBoost,forecast_flowrate,61.51411819458008
2026-08-12T07:29:57,Site S,2026-07,2027-01,XGBoost,lower_95,60.6617317199707
2026-08-12T07:29:57,Site S,2026-07,2027-01,XGBoost,upper_95,62.36650466918945
2026-08-12T07:32:20,Site KL,2026-07,2026-08,SARIMAX,forecast_flowrate,71.98755768641253
2026-08-12T07:32:20,Site KL,2026-07,2026-08,SARIMAX,lower_95,67.84571549356868
2026-08-12T07:32:20,Site KL,2026-07,2026-08,SARIMAX,upper_95,76.12939987925638
2026-08-12T07:32:20,Site KL,2026-07,2026-09,SARIMAX,forecast_flowrate,69.8979621816575
2026-08-12T07:32:20,Site KL,2026-07,2026-09,SARIMAX,lower_95,63.7598697887064
2026-08-12T07:32:20,Site KL,2026-07,2026-09,SARIMAX,upper_95,76.0360545746086
2026-08-12T07:32:20,Site KL,2026-07,2026-10,SARIMAX,forecast_flowrate,71.01680576522617
2026-08-12T07:32:20,Site KL,2026-07,2026-10,SARIMAX,lower_95,63.64578736189112
2026-08-12T07:32:20,Site KL,2026-07,2026-10,SARIMAX,upper_95,78.38782416856121
2026-08-12T07:32:20,Site KL,2026-07,2026-11,SARIMAX,forecast_flowrate,77.14366461907457
2026-08-12T07:32:20,Site KL,2026-07,2026-11,SARIMAX,lower_95,68.98787802960393
2026-08-12T07:32:20,Site KL,2026-07,2026-11,SARIMAX,upper_95,85.29945120854521
2026-08-12T07:32:20,Site KL,2026-07,2026-12,SARIMAX,forecast_flowrate,75.10288722979655
2026-08-12T07:32:20,Site KL,2026-07,2026-12,SARIMAX,lower_95,66.29658854109152
2026-08-12T07:32:20,Site KL,2026-07,2026-12,SARIMAX,upper_95,83.90918591850158
2026-08-12T07:32:20,Site KL,2026-07,2027-01,SARIMAX,forecast_flowrate,74.63750953252928
2026-08-12T07:32:20,Site KL,2026-07,2027-01,SARIMAX,lower_95,65.24724080353072
2026-08-12T07:32:20,Site KL,2026-07,2027-01,SARIMAX,upper_95,84.02777826152784
2026-08-12T07:37:59,Site M,2026-07,2026-08,XGBoost,forecast_flowrate,7.730356216430664
2026-08-12T07:37:59,Site M,2026-07,2026-08,XGBoost,lower_95,6.393716335296631
2026-08-12T07:37:59,Site M,2026-07,2026-08,XGBoost,upper_95,9.06699562072754
2026-08-12T07:37:59,Site M,2026-07,2026-09,XGBoost,forecast_flowrate,7.472259998321533
2026-08-12T07:37:59,Site M,2026-07,2026-09,XGBoost,lower_95,6.1356201171875
2026-08-12T07:37:59,Site M,2026-07,2026-09,XGBoost,upper_95,8.808899879455566
2026-08-12T07:37:59,Site M,2026-07,2026-10,XGBoost,forecast_flowrate,7.494039535522461
2026-08-12T07:37:59,Site M,2026-07,2026-10,XGBoost,lower_95,6.157399654388428
2026-08-12T07:37:59,Site M,2026-07,2026-10,XGBoost,upper_95,8.830678939819336
2026-08-12T07:37:59,Site M,2026-07,2026-11,XGBoost,forecast_flowrate,7.157176017761231
2026-08-12T07:37:59,Site M,2026-07,2026-11,XGBoost,lower_95,5.820536136627197
2026-08-12T07:37:59,Site M,2026-07,2026-11,XGBoost,upper_95,8.493815422058105
2026-08-12T07:37:59,Site M,2026-07,2026-12,XGBoost,forecast_flowrate,7.3393874168396
2026-08-12T07:37:59,Site M,2026-07,2026-12,XGBoost,lower_95,6.002747535705566
2026-08-12T07:37:59,Site M,2026-07,2026-12,XGBoost,upper_95,8.676027297973633
2026-08-12T07:37:59,Site M,2026-07,2027-01,XGBoost,forecast_flowrate,7.551333904266357
2026-08-12T07:37:59,Site M,2026-07,2027-01,XGBoost,lower_95,6.214694023132324
2026-08-12T07:37:59,Site M,2026-07,2027-01,XGBoost,upper_95,8.88797378540039
2026-08-12T07:59:42,Site B,2026-07,2026-08,XGBoost,forecast_flowrate,17.06116485595703
2026-08-12T07:59:42,Site B,2026-07,2026-08,XGBoost,lower_95,10.525863647460938
2026-08-12T07:59:42,Site B,2026-07,2026-08,XGBoost,upper_95,23.596466064453125
2026-08-12T07:59:42,Site B,2026-07,2026-09,XGBoost,forecast_flowrate,17.235864639282227
2026-08-12T07:59:42,Site B,2026-07,2026-09,XGBoost,lower_95,10.700563430786133
2026-08-12T07:59:42,Site B,2026-07,2026-09,XGBoost,upper_95,23.77116584777832
2026-08-12T07:59:42,Site B,2026-07,2026-10,XGBoost,forecast_flowrate,17.33584976196289
2026-08-12T07:59:42,Site B,2026-07,2026-10,XGBoost,lower_95,10.800548553466797
2026-08-12T07:59:42,Site B,2026-07,2026-10,XGBoost,upper_95,23.871150970458984
2026-08-12T07:59:42,Site B,2026-07,2026-11,XGBoost,forecast_flowrate,17.542713165283203
2026-08-12T07:59:42,Site B,2026-07,2026-11,XGBoost,lower_95,11.00741195678711
2026-08-12T07:59:42,Site B,2026-07,2026-11,XGBoost,upper_95,24.078014373779297
2026-08-12T07:59:42,Site B,2026-07,2026-12,XGBoost,forecast_flowrate,16.4027042388916
2026-08-12T07:59:42,Site B,2026-07,2026-12,XGBoost,lower_95,9.867403030395508
2026-08-12T07:59:42,Site B,2026-07,2026-12,XGBoost,upper_95,22.93800544738769
2026-08-12T07:59:42,Site B,2026-07,2027-01,XGBoost,forecast_flowrate,16.066125869750977
2026-08-12T07:59:42,Site B,2026-07,2027-01,XGBoost,lower_95,9.530824661254885
2026-08-12T07:59:42,Site B,2026-07,2027-01,XGBoost,upper_95,22.60142707824707
2026-08-12T08:01:04,Site B,2026-07,2026-08,ML (Ensemble RF+GBR),forecast_flowrate,17.92418185252172
2026-08-12T08:01:04,Site B,2026-07,2026-08,ML (Ensemble RF+GBR),lower_95,11.978784284403456
2026-08-12T08:01:04,Site B,2026-07,2026-08,ML (Ensemble RF+GBR),upper_95,23.869579420639987
2026-08-12T08:01:04,Site B,2026-07,2026-09,ML (Ensemble RF+GBR),forecast_flowrate,17.53123067112257
2026-08-12T08:01:04,Site B,2026-07,2026-09,ML (Ensemble RF+GBR),lower_95,11.585833103004306
2026-08-12T08:01:04,Site B,2026-07,2026-09,ML (Ensemble RF+GBR),upper_95,23.47662823924084
2026-08-12T08:01:04,Site B,2026-07,2026-10,ML (Ensemble RF+GBR),forecast_flowrate,17.589912365026755
2026-08-12T08:01:04,Site B,2026-07,2026-10,ML (Ensemble RF+GBR),lower_95,11.64451479690849
2026-08-12T08:01:04,Site B,2026-07,2026-10,ML (Ensemble RF+GBR),upper_95,23.535309933145022
2026-08-12T08:01:04,Site B,2026-07,2026-11,ML (Ensemble RF+GBR),forecast_flowrate,17.719650799810438
2026-08-12T08:01:04,Site B,2026-07,2026-11,ML (Ensemble RF+GBR),lower_95,11.774253231692173
2026-08-12T08:01:04,Site B,2026-07,2026-11,ML (Ensemble RF+GBR),upper_95,23.665048367928705
2026-08-12T08:01:04,Site B,2026-07,2026-12,ML (Ensemble RF+GBR),forecast_flowrate,16.642414224966885
2026-08-12T08:01:04,Site B,2026-07,2026-12,ML (Ensemble RF+GBR),lower_95,10.69701665684862
2026-08-12T08:01:04,Site B,2026-07,2026-12,ML (Ensemble RF+GBR),upper_95,22.58781179308515
2026-08-12T08:01:04,Site B,2026-07,2027-01,ML (Ensemble RF+GBR),forecast_flowrate,16.5264998158638
2026-08-12T08:01:04,Site B,2026-07,2027-01,ML (Ensemble RF+GBR),lower_95,10.581102247745536
2026-08-12T08:01:04,Site B,2026-07,2027-01,ML (Ensemble RF+GBR),upper_95,22.471897383982068
2026-08-12T08:01:35,Site B,2026-07,2026-08,SARIMAX,forecast_flowrate,17.521520259752315
2026-08-12T08:01:35,Site B,2026-07,2026-08,SARIMAX,lower_95,13.1385023292294
2026-08-12T08:01:35,Site B,2026-07,2026-08,SARIMAX,upper_95,21.90453819027523
2026-08-12T08:01:35,Site B,2026-07,2026-09,SARIMAX,forecast_flowrate,15.941031554497822
2026-08-12T08:01:35,Site B,2026-07,2026-09,SARIMAX,lower_95,9.443319844712654
2026-08-12T08:01:35,Site B,2026-07,2026-09,SARIMAX,upper_95,22.43874326428299
2026-08-12T08:01:35,Site B,2026-07,2026-10,SARIMAX,forecast_flowrate,14.76833023993533
2026-08-12T08:01:35,Site B,2026-07,2026-10,SARIMAX,lower_95,6.982178483996685
2026-08-12T08:01:35,Site B,2026-07,2026-10,SARIMAX,upper_95,22.55448199587397
2026-08-12T08:01:35,Site B,2026-07,2026-11,SARIMAX,forecast_flowrate,14.44587748994006
2026-08-12T08:01:35,Site B,2026-07,2026-11,SARIMAX,lower_95,5.455477854774831
2026-08-12T08:01:35,Site B,2026-07,2026-11,SARIMAX,upper_95,23.43627712510529
2026-08-12T08:01:35,Site B,2026-07,2026-12,SARIMAX,forecast_flowrate,14.159156011364969
2026-08-12T08:01:35,Site B,2026-07,2026-12,SARIMAX,lower_95,4.13371359686205
2026-08-12T08:01:35,Site B,2026-07,2026-12,SARIMAX,upper_95,24.184598425867883
2026-08-12T08:01:35,Site B,2026-07,2027-01,SARIMAX,forecast_flowrate,14.1026113120245
2026-08-12T08:01:35,Site B,2026-07,2027-01,SARIMAX,lower_95,3.134462981745406
2026-08-12T08:01:35,Site B,2026-07,2027-01,SARIMAX,upper_95,25.070759642303592
2026-08-12T08:01:52,Site B,2026-07,2026-08,XGBoost,forecast_flowrate,17.06116485595703
2026-08-12T08:01:52,Site B,2026-07,2026-08,XGBoost,lower_95,10.525863647460938
2026-08-12T08:01:52,Site B,2026-07,2026-08,XGBoost,upper_95,23.596466064453125
2026-08-12T08:01:52,Site B,2026-07,2026-09,XGBoost,forecast_flowrate,17.235864639282227
2026-08-12T08:01:52,Site B,2026-07,2026-09,XGBoost,lower_95,10.700563430786133
2026-08-12T08:01:52,Site B,2026-07,2026-09,XGBoost,upper_95,23.77116584777832
2026-08-12T08:01:52,Site B,2026-07,2026-10,XGBoost,forecast_flowrate,17.33584976196289
2026-08-12T08:01:52,Site B,2026-07,2026-10,XGBoost,lower_95,10.800548553466797
2026-08-12T08:01:52,Site B,2026-07,2026-10,XGBoost,upper_95,23.871150970458984
2026-08-12T08:01:52,Site B,2026-07,2026-11,XGBoost,forecast_flowrate,17.542713165283203
2026-08-12T08:01:52,Site B,2026-07,2026-11,XGBoost,lower_95,11.00741195678711
2026-08-12T08:01:52,Site B,2026-07,2026-11,XGBoost,upper_95,24.078014373779297
2026-08-12T08:01:52,Site B,2026-07,2026-12,XGBoost,forecast_flowrate,16.4027042388916
2026-08-12T08:01:52,Site B,2026-07,2026-12,XGBoost,lower_95,9.867403030395508
2026-08-12T08:01:52,Site B,2026-07,2026-12,XGBoost,upper_95,22.93800544738769
2026-08-12T08:01:52,Site B,2026-07,2027-01,XGBoost,forecast_flowrate,16.066125869750977
2026-08-12T08:01:52,Site B,2026-07,2027-01,XGBoost,lower_95,9.530824661254885
2026-08-12T08:01:52,Site B,2026-07,2027-01,XGBoost,upper_95,22.60142707824707
2026-08-12T08:02:02,Site B,2026-07,2026-08,XGBoost,forecast_flowrate,17.06116485595703
2026-08-12T08:02:02,Site B,2026-07,2026-08,XGBoost,lower_95,10.525863647460938
2026-08-12T08:02:02,Site B,2026-07,2026-08,XGBoost,upper_95,23.596466064453125
2026-08-12T08:02:02,Site B,2026-07,2026-09,XGBoost,forecast_flowrate,17.235864639282227
2026-08-12T08:02:02,Site B,2026-07,2026-09,XGBoost,lower_95,10.700563430786133
2026-08-12T08:02:02,Site B,2026-07,2026-09,XGBoost,upper_95,23.77116584777832
2026-08-12T08:02:02,Site B,2026-07,2026-10,XGBoost,forecast_flowrate,17.33584976196289
2026-08-12T08:02:02,Site B,2026-07,2026-10,XGBoost,lower_95,10.800548553466797
2026-08-12T08:02:02,Site B,2026-07,2026-10,XGBoost,upper_95,23.871150970458984
2026-08-12T08:02:02,Site B,2026-07,2026-11,XGBoost,forecast_flowrate,17.542713165283203
2026-08-12T08:02:02,Site B,2026-07,2026-11,XGBoost,lower_95,11.00741195678711
2026-08-12T08:02:02,Site B,2026-07,2026-11,XGBoost,upper_95,24.078014373779297
2026-08-12T08:02:02,Site B,2026-07,2026-12,XGBoost,forecast_flowrate,16.4027042388916
2026-08-12T08:02:02,Site B,2026-07,2026-12,XGBoost,lower_95,9.867403030395508
2026-08-12T08:02:02,Site B,2026-07,2026-12,XGBoost,upper_95,22.93800544738769
2026-08-12T08:02:02,Site B,2026-07,2027-01,XGBoost,forecast_flowrate,16.066125869750977
2026-08-12T08:02:02,Site B,2026-07,2027-01,XGBoost,lower_95,9.530824661254885
2026-08-12T08:02:02,Site B,2026-07,2027-01,XGBoost,upper_95,22.60142707824707
2026-08-12T08:02:17,Site B,2026-07,2026-08,ML (Ensemble RF+GBR),forecast_flowrate,17.92418185252172
2026-08-12T08:02:17,Site B,2026-07,2026-08,ML (Ensemble RF+GBR),lower_95,11.978784284403456
2026-08-12T08:02:17,Site B,2026-07,2026-08,ML (Ensemble RF+GBR),upper_95,23.869579420639987
2026-08-12T08:02:17,Site B,2026-07,2026-09,ML (Ensemble RF+GBR),forecast_flowrate,17.53123067112257
2026-08-12T08:02:17,Site B,2026-07,2026-09,ML (Ensemble RF+GBR),lower_95,11.585833103004306
2026-08-12T08:02:17,Site B,2026-07,2026-09,ML (Ensemble RF+GBR),upper_95,23.47662823924084
2026-08-12T08:02:17,Site B,2026-07,2026-10,ML (Ensemble RF+GBR),forecast_flowrate,17.589912365026755
2026-08-12T08:02:17,Site B,2026-07,2026-10,ML (Ensemble RF+GBR),lower_95,11.64451479690849
2026-08-12T08:02:17,Site B,2026-07,2026-10,ML (Ensemble RF+GBR),upper_95,23.535309933145022
2026-08-12T08:02:17,Site B,2026-07,2026-11,ML (Ensemble RF+GBR),forecast_flowrate,17.719650799810438
2026-08-12T08:02:17,Site B,2026-07,2026-11,ML (Ensemble RF+GBR),lower_95,11.774253231692173
2026-08-12T08:02:17,Site B,2026-07,2026-11,ML (Ensemble RF+GBR),upper_95,23.665048367928705
2026-08-12T08:02:17,Site B,2026-07,2026-12,ML (Ensemble RF+GBR),forecast_flowrate,16.642414224966885
2026-08-12T08:02:17,Site B,2026-07,2026-12,ML (Ensemble RF+GBR),lower_95,10.69701665684862
2026-08-12T08:02:17,Site B,2026-07,2026-12,ML (Ensemble RF+GBR),upper_95,22.58781179308515
2026-08-12T08:02:17,Site B,2026-07,2027-01,ML (Ensemble RF+GBR),forecast_flowrate,16.5264998158638
2026-08-12T08:02:17,Site B,2026-07,2027-01,ML (Ensemble RF+GBR),lower_95,10.581102247745536
2026-08-12T08:02:17,Site B,2026-07,2027-01,ML (Ensemble RF+GBR),upper_95,22.471897383982068
2026-08-15T07:09:43,Site K,2026-07,2026-08,XGBoost,forecast_flowrate,134.5502166748047
2026-08-15T07:09:43,Site K,2026-07,2026-08,XGBoost,lower_95,128.1443328857422
2026-08-15T07:09:43,Site K,2026-07,2026-08,XGBoost,upper_95,140.9561004638672
2026-08-15T07:09:43,Site K,2026-07,2026-09,XGBoost,forecast_flowrate,129.98382568359375
2026-08-15T07:09:43,Site K,2026-07,2026-09,XGBoost,lower_95,123.57794189453124
2026-08-15T07:09:43,Site K,2026-07,2026-09,XGBoost,upper_95,136.38970947265625
2026-08-15T07:09:43,Site K,2026-07,2026-10,XGBoost,forecast_flowrate,125.79522705078124
2026-08-15T07:09:43,Site K,2026-07,2026-10,XGBoost,lower_95,119.38934326171876
2026-08-15T07:09:43,Site K,2026-07,2026-10,XGBoost,upper_95,132.20111083984375
2026-08-15T07:09:43,Site K,2026-07,2026-11,XGBoost,forecast_flowrate,124.20753479003906
2026-08-15T07:09:43,Site K,2026-07,2026-11,XGBoost,lower_95,117.80165100097656
2026-08-15T07:09:43,Site K,2026-07,2026-11,XGBoost,upper_95,130.61341857910156
2026-08-15T07:09:43,Site K,2026-07,2026-12,XGBoost,forecast_flowrate,120.18206787109376
2026-08-15T07:09:43,Site K,2026-07,2026-12,XGBoost,lower_95,113.77618408203124
2026-08-15T07:09:43,Site K,2026-07,2026-12,XGBoost,upper_95,126.58795166015624
2026-08-15T07:09:43,Site K,2026-07,2027-01,XGBoost,forecast_flowrate,118.2335433959961
2026-08-15T07:09:43,Site K,2026-07,2027-01,XGBoost,lower_95,111.8276596069336
2026-08-15T07:09:43,Site K,2026-07,2027-01,XGBoost,upper_95,124.6394271850586
2026-08-15T09:29:24,Site K,2026-07,2026-08,XGBoost,forecast_flowrate,134.52687072753906
2026-08-15T09:29:24,Site K,2026-07,2026-08,XGBoost,lower_95,128.12098693847656
2026-08-15T09:29:24,Site K,2026-07,2026-08,XGBoost,upper_95,140.93275451660156
2026-08-15T09:29:24,Site K,2026-07,2026-09,XGBoost,forecast_flowrate,129.88829040527344
2026-08-15T09:29:24,Site K,2026-07,2026-09,XGBoost,lower_95,123.48240661621094
2026-08-15T09:29:24,Site K,2026-07,2026-09,XGBoost,upper_95,136.29417419433594
2026-08-15T09:29:24,Site K,2026-07,2026-10,XGBoost,forecast_flowrate,125.9041519165039
2026-08-15T09:29:24,Site K,2026-07,2026-10,XGBoost,lower_95,119.4982681274414
2026-08-15T09:29:24,Site K,2026-07,2026-10,XGBoost,upper_95,132.31004333496094
2026-08-15T09:29:24,Site K,2026-07,2026-11,XGBoost,forecast_flowrate,124.9232177734375
2026-08-15T09:29:24,Site K,2026-07,2026-11,XGBoost,lower_95,118.517333984375
2026-08-15T09:29:24,Site K,2026-07,2026-11,XGBoost,upper_95,131.3291015625
2026-08-15T09:29:24,Site K,2026-07,2026-12,XGBoost,forecast_flowrate,123.02127838134766
2026-08-15T09:29:24,Site K,2026-07,2026-12,XGBoost,lower_95,116.61539459228516
2026-08-15T09:29:24,Site K,2026-07,2026-12,XGBoost,upper_95,129.4271697998047
2026-08-15T09:29:24,Site K,2026-07,2027-01,XGBoost,forecast_flowrate,123.57996368408205
2026-08-15T09:29:24,Site K,2026-07,2027-01,XGBoost,lower_95,117.17407989501952
2026-08-15T09:29:24,Site K,2026-07,2027-01,XGBoost,upper_95,129.98585510253906
2026-08-15T09:29:46,Site K,2026-07,2026-08,XGBoost,forecast_flowrate,134.52687072753906
2026-08-15T09:29:46,Site K,2026-07,2026-08,XGBoost,lower_95,128.12098693847656
2026-08-15T09:29:46,Site K,2026-07,2026-08,XGBoost,upper_95,140.93275451660156
2026-08-15T09:29:46,Site K,2026-07,2026-09,XGBoost,forecast_flowrate,129.88829040527344
2026-08-15T09:29:46,Site K,2026-07,2026-09,XGBoost,lower_95,123.48240661621094
2026-08-15T09:29:46,Site K,2026-07,2026-09,XGBoost,upper_95,136.29417419433594
2026-08-15T09:29:46,Site K,2026-07,2026-10,XGBoost,forecast_flowrate,125.9041519165039
2026-08-15T09:29:46,Site K,2026-07,2026-10,XGBoost,lower_95,119.4982681274414
2026-08-15T09:29:46,Site K,2026-07,2026-10,XGBoost,upper_95,132.31004333496094
2026-08-15T09:29:46,Site K,2026-07,2026-11,XGBoost,forecast_flowrate,124.89781188964844
2026-08-15T09:29:46,Site K,2026-07,2026-11,XGBoost,lower_95,118.49192810058594
2026-08-15T09:29:46,Site K,2026-07,2026-11,XGBoost,upper_95,131.30369567871094
2026-08-15T09:29:46,Site K,2026-07,2026-12,XGBoost,forecast_flowrate,122.78752899169922
2026-08-15T09:29:46,Site K,2026-07,2026-12,XGBoost,lower_95,116.38164520263672
2026-08-15T09:29:46,Site K,2026-07,2026-12,XGBoost,upper_95,129.19342041015625
2026-08-15T09:29:46,Site K,2026-07,2027-01,XGBoost,forecast_flowrate,122.86235809326172
2026-08-15T09:29:46,Site K,2026-07,2027-01,XGBoost,lower_95,116.45647430419922
2026-08-15T09:29:46,Site K,2026-07,2027-01,XGBoost,upper_95,129.26824951171875
2026-08-15T09:48:29,Site K,2026-08,2026-09,XGBoost,forecast_flowrate,130.49227905273438
2026-08-15T09:48:29,Site K,2026-08,2026-09,XGBoost,lower_95,124.87989807128906
2026-08-15T09:48:29,Site K,2026-08,2026-09,XGBoost,upper_95,136.1046600341797
2026-08-15T09:48:29,Site K,2026-08,2026-10,XGBoost,forecast_flowrate,125.86695861816406
2026-08-15T09:48:29,Site K,2026-08,2026-10,XGBoost,lower_95,120.25457763671876
2026-08-15T09:48:29,Site K,2026-08,2026-10,XGBoost,upper_95,131.47933959960938
2026-08-15T09:48:29,Site K,2026-08,2026-11,XGBoost,forecast_flowrate,124.74429321289062
2026-08-15T09:48:29,Site K,2026-08,2026-11,XGBoost,lower_95,119.13191223144533
2026-08-15T09:48:29,Site K,2026-08,2026-11,XGBoost,upper_95,130.35667419433594
2026-08-15T09:48:29,Site K,2026-08,2026-12,XGBoost,forecast_flowrate,121.3514175415039
2026-08-15T09:48:29,Site K,2026-08,2026-12,XGBoost,lower_95,115.7390365600586
2026-08-15T09:48:29,Site K,2026-08,2026-12,XGBoost,upper_95,126.96379852294922
2026-08-15T09:48:29,Site K,2026-08,2027-01,XGBoost,forecast_flowrate,120.5699234008789
2026-08-15T09:48:29,Site K,2026-08,2027-01,XGBoost,lower_95,114.9575424194336
2026-08-15T09:48:29,Site K,2026-08,2027-01,XGBoost,upper_95,126.18230438232422
2026-08-15T09:48:29,Site K,2026-08,2027-02,XGBoost,forecast_flowrate,118.2982406616211
2026-08-15T09:48:29,Site K,2026-08,2027-02,XGBoost,lower_95,112.68585968017578
2026-08-15T09:48:29,Site K,2026-08,2027-02,XGBoost,upper_95,123.9106216430664
2026-08-15T10:23:13,Site K,2026-08,2026-09,XGBoost,forecast_flowrate,130.49227905273438
2026-08-15T10:23:13,Site K,2026-08,2026-09,XGBoost,lower_95,124.87989807128906
2026-08-15T10:23:13,Site K,2026-08,2026-09,XGBoost,upper_95,136.1046600341797
2026-08-15T10:23:13,Site K,2026-08,2026-10,XGBoost,forecast_flowrate,125.86695861816406
2026-08-15T10:23:13,Site K,2026-08,2026-10,XGBoost,lower_95,120.25457763671875
2026-08-15T10:23:13,Site K,2026-08,2026-10,XGBoost,upper_95,131.47933959960938
2026-08-15T10:23:13,Site K,2026-08,2026-11,XGBoost,forecast_flowrate,124.74429321289062
2026-08-15T10:23:13,Site K,2026-08,2026-11,XGBoost,lower_95,119.13191223144531
2026-08-15T10:23:13,Site K,2026-08,2026-11,XGBoost,upper_95,130.35667419433594
2026-08-15T10:23:13,Site K,2026-08,2026-12,XGBoost,forecast_flowrate,121.3514175415039
2026-08-15T10:23:13,Site K,2026-08,2026-12,XGBoost,lower_95,115.7390365600586
2026-08-15T10:23:13,Site K,2026-08,2026-12,XGBoost,upper_95,126.96379852294922
2026-08-15T10:23:13,Site K,2026-08,2027-01,XGBoost,forecast_flowrate,120.5699234008789
2026-08-15T10:23:13,Site K,2026-08,2027-01,XGBoost,lower_95,114.9575424194336
2026-08-15T10:23:13,Site K,2026-08,2027-01,XGBoost,upper_95,126.18230438232422
2026-08-15T10:23:13,Site K,2026-08,2027-02,XGBoost,forecast_flowrate,118.2982406616211
2026-08-15T10:23:13,Site K,2026-08,2027-02,XGBoost,lower_95,112.68585968017578
2026-08-15T10:23:13,Site K,2026-08,2027-02,XGBoost,upper_95,123.9106216430664
